F1,season,variety_a,variety_b,variety_c,year,best,worst,var_a,var_b,var_c,elevation,Tnmax,best1,worst1,middle1
1,Apante-2015,INTA Rojo,PM2 Don Rey,INTA Ferroso,2015,C,A,Worse,Worse,Better,711,15.78333333,,,
2,Apante-2015,BRT 103-182,INTA Matagalpa,PM2 Don Rey,2015,A,B,Better,Worse,Worse,382,18.23,,,
3,Apante-2015,ALS 0532-6,INTA Ferroso,SJC 730-79,2015,B,A,Worse,Worse,Worse,382,18.23,,,
4,Apante-2015,INTA Rojo,INTA Centro Sur,INTA Precoz,2015,C,A,Worse,Worse,Better,446,18.38333333,,,
5,Apante-2015,SJC 730-79,INTA Matagalpa,INTA Ferroso,2015,B,A,Worse,Better,Better,382,18.23,,,
6,Apante-2015,INTA Rojo,ALS 0532-6,INTA Centro Sur,2015,B,C,Worse,Better,Worse,382,18.23,,,
7,Apante-2015,INTA Precoz,PM2 Don Rey,INTA Fuerte Sequia,2015,C,A,Worse,Worse,Worse,446,18.38333333,,,
8,Apante-2015,SJC 730-79,INTA Centro Sur,ALS 0532-6,2015,B,C,Worse,Better,Worse,382,18.23,,,
9,Apante-2015,PM2 Don Rey,INTA Fuerte Sequia,INTA Rojo,2015,C,A,Worse,Worse,Worse,411,18.23666667,,,
10,Apante-2015,ALS 0532-6,SJC 730-79,INTA Matagalpa,2015,B,C,Worse,Better,Worse,446,18.38333333,,,
11,Apante-2015,PM2 Don Rey,INTA Centro Sur,INTA Rojo,2015,B,A,Worse,Better,Worse,382,18.23,,,
12,Apante-2015,BRT 103-182,INTA Fuerte Sequia,INTA Ferroso,2015,C,B,Worse,Better,Worse,576,17.87666667,,,
13,Apante-2015,INTA Precoz,SJC 730-79,INTA Matagalpa,2015,B,C,Worse,Worse,Better,382,18.23,,,
14,Apante-2015,INTA Rojo,INTA Matagalpa,SJC 730-79,2015,B,C,Worse,Better,Worse,410,18.17,,,
15,Apante-2015,PM2 Don Rey,ALS 0532-6,INTA Matagalpa,2015,B,A,Worse,Better,Worse,682,15.61,,,
16,Apante-2015,INTA Centro Sur,BRT 103-182,INTA Fuerte Sequia,2015,C,A,Worse,Worse,Better,839,16.06333333,,,
17,Apante-2015,ALS 0532-6,INTA Rojo,INTA Matagalpa,2015,A,C,Better,Worse,Worse,729,16.17,,,
18,Apante-2015,BRT 103-182,SJC 730-79,PM2 Don Rey,2015,C,B,Worse,Worse,Better,1074,15.36333333,,,
19,Apante-2015,SJC 730-79,INTA Rojo,INTA Precoz,2015,B,C,Worse,Better,Worse,297,18.54333333,,,
20,Apante-2015,PM2 Don Rey,SJC 730-79,ALS 0532-6,2015,A,C,Better,Worse,Worse,600,17.79,,,
21,Apante-2015,ALS 0532-6,INTA Centro Sur,INTA Matagalpa,2015,C,A,Worse,Worse,Better,711,15.78333333,,,
22,Apante-2015,INTA Centro Sur,BRT 103-182,INTA Ferroso,2015,C,A,Worse,Worse,Better,203,18.78333333,,,
23,Apante-2015,ALS 0532-6,INTA Precoz,BRT 103-182,2015,A,B,Better,Worse,Worse,316,18.63666667,,,
24,Apante-2015,INTA Matagalpa,INTA Centro Sur,INTA Fuerte Sequia,2015,C,A,Worse,Worse,Better,394,18.01666667,,,
25,Apante-2015,INTA Rojo,INTA Precoz,ALS 0532-6,2015,A,B,Better,Better,Better,394,18.01666667,,,
26,Apante-2015,SJC 730-79,INTA Ferroso,INTA Fuerte Sequia,2015,A,B,Better,Worse,Better,394,18.01666667,,,
27,Apante-2015,PM2 Don Rey,ALS 0532-6,INTA Rojo,2015,B,A,Worse,Better,Worse,394,18.01666667,,,
28,Apante-2015,SJC 730-79,INTA Ferroso,INTA Centro Sur,2015,C,B,Worse,Worse,Better,394,18.01666667,,,
29,Apante-2016,INTA Centro Sur,PM2 Don Rey,INTA Ferroso,2016,C,A,Worse,Worse,Better,954,15.00333333,,,
30,Apante-2015,SJC 730-79,PM2 Don Rey,ALS 0532-6,2015,C,B,Worse,Worse,Better,742,15.63,,,
31,Apante-2015,INTA Precoz,INTA Fuerte Sequia,INTA Ferroso,2015,A,B,Better,Worse,Better,742,15.63,,,
32,Apante-2015,PM2 Don Rey,INTA Matagalpa,SJC 730-79,2015,A,C,Better,Worse,Worse,742,15.63,,,
33,Apante-2015,SJC 730-79,BRT 103-182,INTA Matagalpa,2015,A,C,Better,Worse,Worse,394,18.01666667,,,
34,Apante-2015,BRT 103-182,ALS 0532-6,INTA Rojo,2015,C,B,Worse,Worse,Better,711,15.78333333,,,
35,Apante-2015,INTA Centro Sur,INTA Precoz,INTA Fuerte Sequia,2016,C,A,Worse,Worse,Better,711,15.78333333,,,
36,Apante-2015,INTA Precoz,INTA Fuerte Sequia,INTA Rojo,2015,B,A,Worse,Better,Worse,647,15.74333333,,,
37,Apante-2015,PM2 Don Rey,INTA Centro Sur,INTA Ferroso,2015,C,A,Worse,Worse,Better,711,15.78333333,,,
38,Apante-2015,BRT 103-182,SJC 730-79,INTA Matagalpa,2015,A,C,Better,Worse,Worse,711,15.78333333,,,
39,Apante-2015,INTA Fuerte Sequia,ALS 0532-6,INTA Rojo,2015,C,A,Better,Worse,Worse,742,15.63,,,
40,Apante-2015,INTA Ferroso,INTA Precoz,PM2 Don Rey,2015,A,C,Better,Worse,Worse,711,15.78333333,,,
41,Apante-2015,SJC 730-79,INTA Matagalpa,INTA Centro Sur,2015,C,A,Worse,Worse,Better,785,15.40333333,,,
42,Apante-2015,INTA Matagalpa,BRT 103-182,INTA Rojo,2015,C,A,Worse,Worse,Better,711,15.78333333,,,
43,Apante-2015,ALS 0532-6,INTA Ferroso,INTA Fuerte Sequia,2015,C,A,Better,Worse,Worse,785,15.40333333,,,
44,Apante-2015,PM2 Don Rey,INTA Centro Sur,SJC 730-79,2015,C,A,Worse,Worse,Better,711,15.78333333,,,
45,Apante-2015,ALS 0532-6,INTA Ferroso,INTA Rojo,2015,C,B,Worse,Better,Worse,711,15.78333333,,,
46,Apante-2015,SJC 730-79,PM2 Don Rey,INTA Fuerte Sequia,2015,B,A,Worse,Better,Worse,711,15.78333333,,,
47,Apante-2015,INTA Centro Sur,BRT 103-182,INTA Precoz,2015,A,B,Better,Worse,Worse,711,15.78333333,,,
48,Apante-2015,INTA Matagalpa,ALS 0532-6,INTA Rojo,2015,A,C,Better,Worse,Worse,742,15.63,,,
49,Apante-2015,INTA Ferroso,INTA Fuerte Sequia,SJC 730-79,2015,B,A,Worse,Better,Better,742,15.63,,,
50,Apante-2015,INTA Matagalpa,INTA Fuerte Sequia,SJC 730-79,2015,B,A,Worse,Better,Worse,742,15.63,,,
51,Apante-2015,INTA Precoz,ALS 0532-6,BRT 103-182,2015,C,B,Worse,Worse,Better,662,15.85,,,
52,Apante-2015,INTA Matagalpa,INTA Rojo,INTA Fuerte Sequia,2015,B,C,Worse,Better,Worse,711,15.78333333,,,
53,Apante-2015,SJC 730-79,INTA Centro Sur,INTA Ferroso,2015,C,B,Better,Worse,Better,742,15.63,,,
54,Apante-2015,INTA Matagalpa,ALS 0532-6,PM2 Don Rey,2015,A,B,Better,Worse,Better,394,18.01666667,,,
55,Apante-2015,INTA Rojo,ALS 0532-6,INTA Matagalpa,2015,B,C,Better,Worse,Better,711,15.78333333,,,
56,Apante-2015,SJC 730-79,INTA Ferroso,INTA Fuerte Sequia,2015,B,A,Worse,Worse,Better,711,15.78333333,,,
57,Apante-2015,INTA Centro Sur,PM2 Don Rey,INTA Precoz,2015,C,A,Worse,Worse,Better,662,15.85,,,
58,Apante-2015,BRT 103-182,INTA Matagalpa,ALS 0532-6,2015,A,B,Better,Worse,Worse,742,15.63,,,
59,Apante-2015,SJC 730-79,INTA Fuerte Sequia,INTA Rojo,2016,A,B,Better,Worse,Worse,423,18.64333333,,,
60,Apante-2015,PM2 Don Rey,ALS 0532-6,INTA Matagalpa,2015,C,A,Worse,Worse,Better,711,15.78333333,,,
61,Apante-2015,INTA Ferroso,ALS 0532-6,INTA Precoz,2015,B,C,Better,Better,Better,394,18.01666667,,,
62,Apante-2015,SJC 730-79,INTA Fuerte Sequia,ALS 0532-6,2015,A,C,Worse,Worse,Worse,446,18.38333333,,,
63,Apante-2015,INTA Fuerte Sequia,INTA Precoz,SJC 730-79,2015,C,A,Worse,Worse,Better,711,15.78333333,,,
64,Apante-2015,INTA Ferroso,INTA Matagalpa,INTA Centro Sur,2016,B,A,Worse,Worse,Better,463,17.91,,,
65,Apante-2015,ALS 0532-6,INTA Rojo,PM2 Don Rey,2015,C,A,Worse,Worse,Better,198,18.44333333,,,
66,Apante-2015,INTA Fuerte Sequia,INTA Precoz,BRT 103-182,2015,C,A,Worse,Worse,Better,742,15.63,,,
67,Apante-2015,INTA Matagalpa,SJC 730-79,INTA Precoz,2015,B,A,Worse,Better,Worse,711,15.78333333,,,
68,Apante-2015,BRT 103-182,INTA Rojo,PM2 Don Rey,2015,C,A,Worse,Worse,Worse,662,15.85,,,
69,Apante-2015,INTA Fuerte Sequia,INTA Precoz,SJC 730-79,2015,A,B,Better,Worse,Worse,662,15.85,,,
70,Apante-2015,INTA Matagalpa,INTA Fuerte Sequia,INTA Ferroso,2015,C,A,Worse,Worse,Better,711,15.78333333,,,
71,Apante-2015,BRT 103-182,INTA Precoz,PM2 Don Rey,2016,B,A,Worse,Worse,Worse,711,15.78333333,,,
72,Apante-2015,INTA Ferroso,INTA Centro Sur,ALS 0532-6,2016,B,C,Worse,Worse,Worse,662,15.85,,,
73,Apante-2015,PM2 Don Rey,INTA Rojo,BRT 103-182,2016,A,C,Worse,Worse,Worse,711,15.78333333,,,
74,Apante-2015,INTA Matagalpa,INTA Ferroso,INTA Centro Sur,2015,C,B,Worse,Worse,Better,662,15.85,,,
75,Apante-2015,PM2 Don Rey,INTA Rojo,ALS 0532-6,2015,A,B,Worse,Worse,Worse,662,15.85,,,
76,Apante-2015,ALS 0532-6,INTA Fuerte Sequia,BRT 103-182,2015,A,C,Better,Worse,Better,382,18.23,,,
77,Apante-2015,INTA Matagalpa,INTA Ferroso,PM2 Don Rey,2015,B,C,Better,Better,Better,394,18.01666667,,,
78,Apante-2015,INTA Fuerte Sequia,INTA Centro Sur,INTA Precoz,2015,A,C,Better,Worse,Worse,394,18.01666667,,,
79,Apante-2015,INTA Matagalpa,PM2 Don Rey,SJC 730-79,2015,A,C,Better,Worse,Worse,382,18.23,,,
80,Apante-2015,ALS 0532-6,INTA Ferroso,BRT 103-182,2015,B,C,Worse,Worse,Better,406,18.03,,,
81,Apante-2015,INTA Rojo,INTA Centro Sur,INTA Fuerte Sequia,2015,B,A,Worse,Better,Better,382,18.23,,,
82,Apante-2015,INTA Ferroso,INTA Matagalpa,BRT 103-182,2015,A,C,Better,Worse,Worse,411,18.23666667,,,
83,Apante-2015,INTA Centro Sur,INTA Rojo,ALS 0532-6,2015,B,C,Better,Better,Better,382,18.23,,,
84,Apante-2015,INTA Fuerte Sequia,PM2 Don Rey,SJC 730-79,2015,B,C,Better,Better,Better,394,18.01666667,,,
85,Apante-2015,ALS 0532-6,INTA Matagalpa,INTA Rojo,2015,A,C,Better,Better,Better,382,18.23,,,
86,Apante-2015,PM2 Don Rey,INTA Fuerte Sequia,INTA Centro Sur,2015,A,C,Better,Worse,Worse,382,18.23,,,
87,Apante-2015,INTA Precoz,SJC 730-79,INTA Ferroso,2015,C,B,Worse,Better,Worse,382,18.23,,,
88,Apante-2015,BRT 103-182,INTA Matagalpa,INTA Rojo,2015,C,B,Better,Better,Better,382,18.23,,,
89,Apante-2015,INTA Precoz,INTA Ferroso,INTA Centro Sur,2015,B,A,Worse,Better,Better,382,18.23,,,
90,Apante-2015,SJC 730-79,BRT 103-182,INTA Matagalpa,2015,B,A,Worse,Better,Better,382,18.23,,,
91,Apante-2015,ALS 0532-6,INTA Fuerte Sequia,INTA Rojo,2015,A,C,Better,Worse,Better,382,18.23,,,
92,Apante-2015,PM2 Don Rey,INTA Ferroso,INTA Centro Sur,2015,A,C,Better,Better,Better,382,18.23,,,
93,Apante-2015,INTA Precoz,INTA Matagalpa,SJC 730-79,2015,A,C,Better,Worse,Worse,394,18.01666667,,,
94,Apante-2015,BRT 103-182,INTA Rojo,ALS 0532-6,2015,A,C,Better,Worse,Worse,446,18.38333333,,,
95,Apante-2015,PM2 Don Rey,INTA Precoz,INTA Matagalpa,2015,A,C,Better,Better,Better,382,18.23,,,
96,Apante-2015,ALS 0532-6,BRT 103-182,SJC 730-79,2015,C,A,Worse,Better,Better,382,18.23,,,
97,Apante-2015,INTA Ferroso,INTA Rojo,INTA Fuerte Sequia,2015,A,C,Better,Worse,Better,382,18.23,,,
98,Apante-2015,INTA Centro Sur,INTA Matagalpa,PM2 Don Rey,2015,A,C,Better,Better,Better,382,18.23,,,
99,Apante-2015,INTA Fuerte Sequia,INTA Rojo,BRT 103-182,2015,A,C,Better,Better,Worse,394,18.01666667,,,
100,Apante-2015,INTA Centro Sur,INTA Fuerte Sequia,INTA Matagalpa,2015,A,C,Better,Better,Better,394,18.01666667,,,
101,Apante-2016,INTA Ferroso,INTA Fuerte Sequia,ALS 0532-6,2016,A,C,Better,Worse,Worse,954,15.00333333,,,
102,Apante-2015,SJC 730-79,PM2 Don Rey,INTA Rojo,2015,C,B,Worse,Better,Better,382,18.23,,,
103,Apante-2015,INTA Matagalpa,BRT 103-182,INTA Fuerte Sequia,2015,A,C,Worse,Worse,Better,382,18.23,,,
104,Apante-2015,INTA Precoz,INTA Centro Sur,ALS 0532-6,2015,A,C,Worse,Worse,Worse,391,17.98333333,,,
105,Apante-2015,PM2 Don Rey,INTA Ferroso,SJC 730-79,2015,B,A,Worse,Better,Worse,382,18.23,,,
106,Apante-2015,INTA Fuerte Sequia,ALS 0532-6,INTA Centro Sur,2015,A,C,Worse,Worse,Better,382,18.23,,,
107,Apante-2015,INTA Ferroso,PM2 Don Rey,INTA Precoz,2015,B,C,Better,Better,Better,391,17.98333333,,,
108,Apante-2015,ALS 0532-6,INTA Fuerte Sequia,BRT 103-182,2015,B,C,Worse,Better,Worse,366,18.84333333,,,
109,Apante-2015,INTA Rojo,SJC 730-79,BRT 103-182,2015,B,C,Better,Better,Better,394,18.01666667,,,
110,Apante-2015,INTA Fuerte Sequia,INTA Matagalpa,ALS 0532-6,2015,A,C,Better,Worse,Worse,446,18.38333333,,,
111,Apante-2015,PM2 Don Rey,INTA Precoz,INTA Centro Sur,2015,C,A,Worse,Worse,Better,571,18.07,,,
112,Apante-2015,INTA Matagalpa,INTA Fuerte Sequia,BRT 103-182,2015,A,C,Better,Worse,Worse,382,18.23,,,
113,Apante-2015,ALS 0532-6,INTA Centro Sur,PM2 Don Rey,2015,B,A,Worse,Worse,Worse,571,18.07,,,
114,Apante-2015,INTA Rojo,INTA Ferroso,INTA Precoz,2015,A,B,Better,Worse,Worse,571,18.07,,,
115,Apante-2015,BRT 103-182,INTA Fuerte Sequia,SJC 730-79,2015,B,C,Better,Better,Better,382,18.23,,,
116,Apante-2015,INTA Centro Sur,INTA Matagalpa,ALS 0532-6,2015,B,C,Better,Better,Worse,394,18.01666667,,,
117,Apante-2015,INTA Precoz,PM2 Don Rey,INTA Rojo,2015,A,C,Better,Worse,Worse,382,18.23,,,
118,Apante-2015,SJC 730-79,PM2 Don Rey,INTA Matagalpa,2015,B,C,Worse,Better,Worse,198,18.44333333,,,
119,Apante-2015,BRT 103-182,SJC 730-79,INTA Ferroso,2015,B,C,Worse,Better,Worse,382,18.23,,,
120,Apante-2015,ALS 0532-6,INTA Centro Sur,INTA Fuerte Sequia,2015,B,C,Better,Worse,Worse,571,18.07,,,
121,Apante-2015,INTA Rojo,INTA Matagalpa,INTA Precoz,2015,B,A,Worse,Better,Worse,446,18.38333333,,,
122,Apante-2015,INTA Rojo,INTA Fuerte Sequia,INTA Precoz,2015,A,B,Better,Worse,Worse,382,18.23,,,
123,Apante-2015,INTA Ferroso,INTA Fuerte Sequia,BRT 103-182,2015,A,B,Worse,Better,Worse,618,16.77666667,,,
124,Apante-2015,INTA Matagalpa,INTA Rojo,ALS 0532-6,2015,A,B,Better,Worse,Better,275,18.23666667,,,
125,Apante-2015,SJC 730-79,PM2 Don Rey,INTA Precoz,2015,C,B,Better,Worse,Better,617,15.97,,,
126,Apante-2015,INTA Centro Sur,INTA Ferroso,INTA Fuerte Sequia,2015,B,A,Worse,Better,Worse,821,16.40333333,,,
127,Apante-2015,INTA Matagalpa,ALS 0532-6,BRT 103-182,2015,C,A,Worse,Worse,Better,786,16.21666667,,,
128,Apante-2015,SJC 730-79,INTA Ferroso,INTA Fuerte Sequia,2015,B,A,Worse,Worse,Better,661,16.47,,,
129,Postrera-2015,SJC 730-79,INTA Precoz,INTA Centro Sur,2015,C,A,Worse,Better,Better,432,16.47,,,
130,Apante-2015,INTA Rojo,PM2 Don Rey,ALS 0532-6,2015,A,B,Better,Worse,Worse,600,17.79,,,
131,Apante-2015,INTA Fuerte Sequia,INTA Ferroso,BRT 103-182,2015,A,C,Better,Better,Worse,619,15.97666667,,,
132,Apante-2015,INTA Rojo,SJC 730-79,PM2 Don Rey,2015,B,C,Worse,Better,Worse,394,18.39666667,,,
133,Apante-2015,ALS 0532-6,INTA Fuerte Sequia,BRT 103-182,2015,B,A,Worse,Better,Worse,931,16.15666667,,,
134,Apante-2015,INTA Precoz,INTA Centro Sur,INTA Ferroso,2015,A,C,Worse,Better,Worse,544,17.79,,,
135,Apante-2016,INTA Fuerte Sequia,BRT 103-182,INTA Centro Sur,2016,A,B,Better,Worse,Worse,954,15.00333333,,,
136,Apante-2016,PM2 Don Rey,INTA Precoz,SJC 730-79,2016,B,C,Worse,Better,Worse,954,15.00333333,,,
137,Apante-2016,ALS 0532-6,INTA Ferroso,INTA Matagalpa,2016,A,B,Better,Worse,Worse,954,15.00333333,,,
138,Apante-2016,INTA Centro Sur,ALS 0532-6,PM2 Don Rey,2016,A,B,Better,Worse,Worse,954,15.00333333,,,
139,Apante-2016,INTA Matagalpa,INTA Precoz,BRT 103-182,2016,A,C,Better,Worse,Worse,954,15.00333333,,,
140,Apante-2015,INTA Rojo,INTA Centro Sur,INTA Matagalpa,2015,C,B,Worse,Worse,Better,660,17.62333333,,,
141,Apante-2015,INTA Centro Sur,INTA Matagalpa,INTA Precoz,2015,A,C,Worse,Worse,Worse,446,18.38333333,,,
142,Apante-2015,PM2 Don Rey,INTA Rojo,INTA Ferroso,2015,B,C,Worse,Better,Worse,394,18.01666667,,,
143,Apante-2016,BRT 103-182,INTA Matagalpa,INTA Rojo,2016,A,C,Better,Worse,Worse,308,16.47,,,
144,Apante-2015,INTA Matagalpa,BRT 103-182,INTA Centro Sur,2015,A,C,Better,Worse,Worse,394,18.01666667,,,
145,Apante-2015,PM2 Don Rey,INTA Precoz,INTA Ferroso,2015,B,A,Worse,Worse,Worse,394,18.01666667,,,
146,Apante-2015,SJC 730-79,ALS 0532-6,INTA Rojo,2015,B,C,Worse,Worse,Worse,394,18.01666667,,,
147,Apante-2015,INTA Fuerte Sequia,BRT 103-182,INTA Matagalpa,2015,B,C,Better,Better,Worse,394,18.01666667,,,
148,Apante-2015,INTA Precoz,INTA Centro Sur,PM2 Don Rey,2015,B,C,Worse,Better,Worse,394,18.01666667,,,
149,Apante-2016,INTA Matagalpa,SJC 730-79,INTA Precoz,2016,C,A,Worse,Worse,Better,954,15.00333333,,,
150,Apante-2016,INTA Ferroso,INTA Fuerte Sequia,INTA Precoz,2016,B,A,Worse,Better,-9999,742,15.63,,,
151,Apante-2015,INTA Matagalpa,SJC 730-79,INTA Centro Sur,2015,C,B,Worse,Worse,Better,394,18.01666667,,,
152,Apante-2016,SJC 730-79,INTA Centro Sur,INTA Rojo,2016,C,B,Worse,Worse,Better,954,15.00333333,,,
153,Apante-2015,INTA Precoz,PM2 Don Rey,ALS 0532-6,2015,C,B,Worse,Worse,Better,394,18.01666667,,,
154,Apante-2016,INTA Precoz,INTA Ferroso,INTA Fuerte Sequia,2016,C,A,Worse,Worse,Better,954,15.00333333,,,
155,Apante-2015,INTA Matagalpa,BRT 103-182,INTA Precoz,2015,B,A,Worse,Better,Worse,394,18.01666667,,,
156,Apante-2015,PM2 Don Rey,INTA Matagalpa,BRT 103-182,2015,A,C,Worse,Worse,Worse,394,18.01666667,,,
157,Apante-2015,BRT 103-182,INTA Fuerte Sequia,INTA Centro Sur,2016,A,C,Better,Worse,Worse,660,17.62333333,,,
158,Apante-2015,BRT 103-182,INTA Matagalpa,ALS 0532-6,2015,B,C,Worse,Better,Better,394,18.01666667,,,
159,Apante-2015,INTA Precoz,SJC 730-79,INTA Fuerte Sequia,2015,B,A,Worse,Better,Better,394,18.01666667,,,
160,Apante-2016,INTA Rojo,INTA Fuerte Sequia,BRT 103-182,2016,A,C,Better,Worse,Worse,692,15.06333333,,,
161,Apante-2015,ALS 0532-6,BRT 103-182,INTA Ferroso,2015,B,A,Worse,Better,Worse,394,18.01666667,,,
162,Apante-2015,INTA Fuerte Sequia,INTA Matagalpa,SJC 730-79,2015,C,A,Worse,Better,Better,394,18.01666667,,,
163,Apante-2015,PM2 Don Rey,INTA Centro Sur,INTA Matagalpa,2015,C,B,Worse,Worse,Better,739,16.52333333,,,
164,Apante-2015,INTA Fuerte Sequia,INTA Precoz,BRT 103-182,2015,C,A,Better,Better,Better,394,18.01666667,,,
165,Apante-2015,ALS 0532-6,SJC 730-79,INTA Matagalpa,2015,A,B,Better,Worse,Better,394,18.01666667,,,
166,Apante-2015,INTA Precoz,INTA Rojo,INTA Fuerte Sequia,2015,C,B,Worse,Worse,Better,394,18.01666667,,,
167,Apante-2015,PM2 Don Rey,ALS 0532-6,INTA Matagalpa,2015,C,B,Better,Worse,Better,394,18.01666667,,,
168,Apante-2015,INTA Rojo,SJC 730-79,INTA Fuerte Sequia,2015,A,C,Better,Worse,Worse,382,18.23,,,
169,Apante-2015,SJC 730-79,INTA Rojo,INTA Ferroso,2015,A,C,Better,Worse,Worse,394,18.01666667,,,
170,Apante-2015,ALS 0532-6,BRT 103-182,INTA Centro Sur,2015,B,C,Worse,Better,Worse,394,18.01666667,,,
171,Apante-2015,INTA Precoz,INTA Centro Sur,INTA Matagalpa,2015,C,A,Worse,Worse,Worse,394,18.01666667,,,
172,Apante-2015,ALS 0532-6,INTA Centro Sur,INTA Rojo,2015,A,C,Worse,Better,Worse,394,18.01666667,,,
173,Apante-2015,INTA Fuerte Sequia,BRT 103-182,INTA Rojo,2015,B,C,Worse,Worse,Worse,394,18.01666667,,,
174,Apante-2015,ALS 0532-6,INTA Matagalpa,INTA Rojo,2015,A,C,Better,Worse,Worse,394,18.01666667,,,
175,Apante-2015,INTA Fuerte Sequia,INTA Matagalpa,INTA Precoz,2015,A,B,Better,Worse,Worse,711,15.78333333,,,
176,Apante-2015,INTA Centro Sur,INTA Precoz,BRT 103-182,2015,A,C,Better,Better,Worse,394,18.01666667,,,
177,Apante-2015,SJC 730-79,ALS 0532-6,INTA Rojo,2015,C,B,Better,Better,Better,394,18.01666667,,,
178,Apante-2015,INTA Centro Sur,BRT 103-182,INTA Fuerte Sequia,2015,B,C,Worse,Better,Worse,394,18.01666667,,,
179,Apante-2015,INTA Matagalpa,INTA Precoz,PM2 Don Rey,2015,A,C,Better,Better,Worse,382,18.23,,,
180,Apante-2015,BRT 103-182,SJC 730-79,INTA Fuerte Sequia,2015,A,C,Better,Worse,Worse,394,18.01666667,,,
181,Apante-2016,INTA Matagalpa,INTA Precoz,INTA Rojo,2016,A,C,Better,Worse,Worse,742,15.63,,,
182,Apante-2015,INTA Ferroso,INTA Matagalpa,INTA Fuerte Sequia,2015,A,C,Better,Worse,Worse,711,15.78333333,,,
183,Apante-2015,INTA Rojo,INTA Matagalpa,INTA Ferroso,2015,C,A,Worse,Worse,Better,320,18.33666667,,,
184,Apante-2015,ALS 0532-6,SJC 730-79,INTA Fuerte Sequia,2015,B,C,Worse,Better,Worse,206,18.29,,,
185,Apante-2015,SJC 730-79,ALS 0532-6,BRT 103-182,2015,B,A,Worse,Better,Worse,203,18.78333333,,,
186,Apante-2015,INTA Rojo,INTA Fuerte Sequia,INTA Centro Sur,2015,C,A,Worse,Worse,Better,711,15.78333333,,,
187,Apante-2015,PM2 Don Rey,INTA Precoz,INTA Matagalpa,2015,C,B,Worse,-9999,Better,785,15.40333333,,,
188,Apante-2015,INTA Precoz,PM2 Don Rey,SJC 730-79,2015,B,C,Worse,Better,Worse,366,18.84333333,,,
189,Apante-2015,INTA Rojo,INTA Ferroso,SJC 730-79,2015,B,C,Worse,Better,Worse,394,18.01666667,,,
190,Apante-2015,SJC 730-79,INTA Ferroso,INTA Matagalpa,2015,B,A,Worse,Better,Worse,680,16.01666667,,,
191,Apante-2015,BRT 103-182,INTA Precoz,PM2 Don Rey,2015,A,B,Better,Worse,Worse,206,18.29,,,
192,Apante-2015,BRT 103-182,PM2 Don Rey,INTA Fuerte Sequia,2015,B,A,Worse,Better,Worse,394,18.01666667,,,
193,Apante-2015,INTA Precoz,INTA Centro Sur,SJC 730-79,2015,A,C,Better,Better,Worse,394,18.01666667,,,
194,Apante-2016,BRT 103-182,INTA Precoz,PM2 Don Rey,2016,A,C,Better,Better,Worse,742,15.63,,,
195,Apante-2015,ALS 0532-6,INTA Rojo,INTA Ferroso,2015,B,A,Worse,Better,Worse,382,18.23,,,
196,Apante-2015,INTA Matagalpa,INTA Precoz,INTA Fuerte Sequia,2015,A,C,Better,Worse,Worse,1273,14.99,,,
197,Apante-2015,ALS 0532-6,BRT 103-182,INTA Precoz,2015,C,A,Worse,Worse,Better,237,19.17,,,
198,Apante-2015,PM2 Don Rey,INTA Ferroso,SJC 730-79,2015,B,C,Worse,Better,Worse,228,18.75666667,,,
199,Apante-2015,INTA Matagalpa,INTA Fuerte Sequia,SJC 730-79,2015,A,C,Better,Worse,Worse,382,18.23,,,
200,Apante-2015,INTA Precoz,INTA Ferroso,ALS 0532-6,2015,A,C,Better,Worse,Worse,394,18.01666667,,,
201,Apante-2015,INTA Rojo,INTA Centro Sur,SJC 730-79,2015,A,C,Better,Worse,Worse,394,18.01666667,,,
202,Apante-2015,INTA Precoz,PM2 Don Rey,ALS 0532-6,2015,B,C,Worse,Better,Better,394,18.01666667,,,
203,Apante-2015,INTA Centro Sur,INTA Rojo,BRT 103-182,2015,A,C,Worse,Worse,Worse,382,18.23,,,
204,Apante-2015,SJC 730-79,PM2 Don Rey,INTA Precoz,2015,A,C,Better,Worse,Worse,533,17.23,,,
205,Apante-2015,INTA Matagalpa,INTA Centro Sur,INTA Rojo,2015,B,C,Worse,Worse,Worse,394,18.01666667,,,
206,Apante-2015,BRT 103-182,INTA Precoz,SJC 730-79,2015,C,B,Worse,Worse,Better,394,18.01666667,,,
207,Apante-2015,INTA Ferroso,ALS 0532-6,PM2 Don Rey,2015,B,A,Worse,Better,Worse,394,18.01666667,,,
208,Apante-2016,PM2 Don Rey,INTA Matagalpa,BRT 103-182,2016,A,B,Better,Worse,Worse,954,15.00333333,,,
209,Apante-2015,INTA Ferroso,SJC 730-79,PM2 Don Rey,2015,C,A,Worse,Worse,Better,446,18.38333333,,,
210,Apante-2015,INTA Matagalpa,BRT 103-182,INTA Centro Sur,2015,B,C,Worse,Better,Worse,394,18.01666667,,,
211,Apante-2016,INTA Rojo,PM2 Don Rey,INTA Ferroso,2016,A,C,Better,-9999,-9999,308,16.47,,,
212,Apante-2015,BRT 103-182,PM2 Don Rey,INTA Precoz,2015,B,A,Worse,Better,Better,394,18.01666667,,,
213,Apante-2016,INTA Ferroso,BRT 103-182,INTA Rojo,2016,B,A,Better,Worse,Worse,954,15.00333333,,,
214,Apante-2015,INTA Ferroso,SJC 730-79,PM2 Don Rey,2015,B,C,Worse,Better,Worse,394,18.01666667,,,
215,Apante-2015,BRT 103-182,INTA Matagalpa,PM2 Don Rey,2015,C,B,Worse,Worse,Better,490,16.17,,,
216,Apante-2015,INTA Centro Sur,INTA Rojo,INTA Matagalpa,2015,B,C,Worse,Better,Worse,326,17.91666667,,,
217,Apante-2015,PM2 Don Rey,INTA Ferroso,INTA Centro Sur,2015,B,A,Better,Better,Worse,662,15.85,,,
218,Apante-2015,ALS 0532-6,SJC 730-79,INTA Precoz,2015,B,A,Worse,Better,Worse,389,18.09666667,,,
219,Apante-2015,ALS 0532-6,INTA Centro Sur,PM2 Don Rey,2016,C,A,Better,Worse,Better,624,17.66333333,,,
220,Apante-2015,SJC 730-79,INTA Ferroso,BRT 103-182,2015,B,C,Worse,Better,Worse,662,15.85,,,
221,Apante-2016,SJC 730-79,INTA Rojo,INTA Fuerte Sequia,2016,C,A,Worse,Worse,Better,954,15.00333333,,,
222,Apante-2015,INTA Rojo,INTA Matagalpa,INTA Centro Sur,2015,C,A,Worse,Worse,Better,417,18.27,,,
223,Apante-2015,PM2 Don Rey,INTA Precoz,ALS 0532-6,2015,B,C,Worse,Better,Worse,785,15.40333333,,,
224,Apante-2015,INTA Fuerte Sequia,INTA Matagalpa,BRT 103-182,2015,B,C,Worse,Better,Worse,394,18.53666667,,,
225,Apante-2015,BRT 103-182,INTA Precoz,SJC 730-79,2016,A,C,Worse,Worse,Better,259,18.43,,,
226,Apante-2015,INTA Matagalpa,PM2 Don Rey,INTA Ferroso,2015,A,C,Better,Worse,Worse,410,18.17,,,
227,Apante-2015,INTA Matagalpa,INTA Precoz,SJC 730-79,2015,B,C,Worse,Better,Worse,696,15.42333333,,,
228,Apante-2015,BRT 103-182,INTA Centro Sur,SJC 730-79,2016,C,A,Worse,Worse,Better,544,17.79,,,
229,Apante-2015,PM2 Don Rey,INTA Precoz,INTA Fuerte Sequia,2015,C,B,Better,Worse,Better,490,17.66333333,,,
230,Apante-2016,SJC 730-79,ALS 0532-6,INTA Fuerte Sequia,2016,C,B,Worse,Worse,Better,742,15.63,,,
231,Apante-2015,INTA Centro Sur,INTA Rojo,ALS 0532-6,2015,A,C,Worse,Worse,Better,609,15.78333333,,,
232,Apante-2015,PM2 Don Rey,INTA Matagalpa,INTA Rojo,2015,C,B,Worse,Worse,Better,226,19.06333333,,,
233,Apante-2015,ALS 0532-6,INTA Precoz,SJC 730-79,2015,B,A,Worse,Better,Worse,297,18.54333333,,,
234,Apante-2015,ALS 0532-6,INTA Ferroso,SJC 730-79,2015,A,B,Better,Worse,Worse,591,15.85666667,,,
235,Apante-2015,INTA Rojo,BRT 103-182,INTA Centro Sur,2015,B,A,Worse,Better,Worse,711,15.78333333,,,
236,Apante-2015,ALS 0532-6,INTA Ferroso,INTA Centro Sur,2016,C,B,Worse,Worse,Better,864,16.92333333,,,
237,Apante-2015,INTA Rojo,PM2 Don Rey,INTA Centro Sur,2015,A,C,Better,Worse,Worse,591,15.85666667,,,
238,Apante-2015,INTA Fuerte Sequia,INTA Precoz,INTA Centro Sur,2015,C,A,Worse,Worse,Better,786,16.21666667,,,
239,Apante-2015,INTA Centro Sur,INTA Matagalpa,SJC 730-79,2015,A,C,Better,Worse,Worse,490,17.66333333,,,
240,Apante-2015,SJC 730-79,INTA Fuerte Sequia,INTA Matagalpa,2015,B,A,Worse,Better,Worse,1273,14.99,,,
241,Apante-2015,PM2 Don Rey,BRT 103-182,INTA Ferroso,2015,A,B,Worse,Better,Worse,533,17.23,,,
242,Apante-2015,INTA Precoz,SJC 730-79,INTA Fuerte Sequia,2015,C,B,Worse,Worse,Better,790,16.53666667,,,
243,Apante-2015,PM2 Don Rey,INTA Rojo,ALS 0532-6,2015,B,C,Worse,Better,Worse,647,15.71,,,
244,Apante-2016,INTA Rojo,INTA Centro Sur,ALS 0532-6,2016,C,A,-9999,-9999,Better,308,16.47,,,
245,Apante-2016,SJC 730-79,BRT 103-182,INTA Matagalpa,2016,A,C,Better,-9999,-9999,308,16.47,,,
246,Apante-2016,SJC 730-79,INTA Rojo,INTA Precoz,2016,C,A,Worse,Worse,Better,954,15.00333333,,,
247,Apante-2016,PM2 Don Rey,INTA Matagalpa,BRT 103-182,2016,A,C,Better,Worse,Worse,308,16.47,,,
248,Apante-2015,INTA Centro Sur,BRT 103-182,PM2 Don Rey,2015,C,B,Worse,Better,Worse,490,17.66333333,,,
249,Apante-2016,INTA Centro Sur,INTA Matagalpa,INTA Precoz,2016,B,C,Worse,Better,Worse,954,15.00333333,,,
250,Apante-2015,INTA Matagalpa,INTA Fuerte Sequia,INTA Precoz,2015,A,C,Worse,Worse,Worse,394,18.01666667,,,
251,Apante-2015,INTA Centro Sur,INTA Ferroso,PM2 Don Rey,2015,B,A,Worse,Better,Worse,662,15.85,,,
252,Apante-2016,INTA Ferroso,PM2 Don Rey,SJC 730-79,2016,C,A,Worse,Worse,Better,954,15.00333333,,,
253,Apante-2016,INTA Matagalpa,ALS 0532-6,INTA Fuerte Sequia,2016,A,B,Better,Better,Better,696,15.53,,,
254,Apante-2016,INTA Precoz,INTA Centro Sur,INTA Fuerte Sequia,2016,C,A,Worse,Worse,Better,308,16.47,,,
255,Apante-2016,INTA Matagalpa,INTA Rojo,ALS 0532-6,2016,C,A,Worse,Worse,Better,954,15.00333333,,,
256,Apante-2015,BRT 103-182,INTA Centro Sur,PM2 Don Rey,2016,C,A,Worse,Worse,Better,418,17.56333333,,,
257,Apante-2015,ALS 0532-6,INTA Fuerte Sequia,INTA Matagalpa,2015,B,C,Worse,Better,Worse,304,18.47666667,,,
258,Apante-2015,BRT 103-182,SJC 730-79,ALS 0532-6,2015,B,A,Worse,Better,Worse,662,15.85,,,
259,Apante-2015,INTA Rojo,INTA Matagalpa,INTA Precoz,2015,A,C,Worse,Better,Worse,275,18.23666667,,,
260,Apante-2016,SJC 730-79,INTA Centro Sur,INTA Ferroso,2017,A,C,Better,Better,Worse,803,15.66333333,,,
261,Apante-2015,INTA Fuerte Sequia,INTA Rojo,ALS 0532-6,2015,C,A,Worse,Worse,Better,609,15.78333333,,,
262,Apante-2015,BRT 103-182,INTA Precoz,INTA Ferroso,2015,B,C,Worse,Better,Worse,339,18.57666667,,,
263,Apante-2016,INTA Matagalpa,PM2 Don Rey,BRT 103-182,2016,C,A,Worse,Better,Better,803,15.66333333,,,
264,Apante-2015,BRT 103-182,SJC 730-79,INTA Matagalpa,2015,C,A,Worse,Worse,Better,482,17.77,,,
265,Apante-2015,BRT 103-182,INTA Centro Sur,SJC 730-79,2016,C,B,Worse,Worse,Worse,591,15.85666667,,,
266,Apante-2016,SJC 730-79,INTA Matagalpa,INTA Ferroso,2016,A,C,Better,-9999,-9999,308,16.47,,,
267,Apante-2016,BRT 103-182,INTA Precoz,PM2 Don Rey,2016,A,C,Better,Worse,Worse,954,15.00333333,,,
268,Apante-2015,INTA Rojo,INTA Fuerte Sequia,ALS 0532-6,2016,B,C,Worse,Better,Worse,250,18.36333333,,,
269,Apante-2015,INTA Rojo,ALS 0532-6,PM2 Don Rey,2015,A,C,Better,Worse,Worse,518,16.01666667,,,
270,Apante-2016,INTA Fuerte Sequia,INTA Rojo,INTA Matagalpa,2016,B,A,Better,Better,Better,742,15.63,,,
271,Apante-2016,INTA Centro Sur,INTA Ferroso,ALS 0532-6,2016,A,C,Better,Better,Worse,742,15.63,,,
272,Apante-2016,PM2 Don Rey,BRT 103-182,INTA Rojo,2016,A,B,Better,Worse,Worse,742,15.63,,,
273,Apante-2015,INTA Fuerte Sequia,INTA Precoz,BRT 103-182,2015,A,C,Better,Worse,Worse,591,15.85666667,,,
274,Apante-2016,ALS 0532-6,BRT 103-182,INTA Matagalpa,2016,A,C,Better,Worse,Worse,954,15.00333333,,,
275,Postrera-2015,BRT 103-182,INTA Centro Sur,INTA Fuerte Sequia,2015,C,A,Worse,Better,Better,620,16.18333333,,,
276,Apante-2016,BRT 103-182,INTA Matagalpa,INTA Rojo,2016,A,B,Better,Worse,Worse,742,15.63,,,
277,Apante-2016,INTA Matagalpa,INTA Precoz,ALS 0532-6,2016,A,C,Better,-9999,-9999,308,16.47,,,
278,Apante-2015,INTA Centro Sur,INTA Ferroso,PM2 Don Rey,2015,B,C,Better,Better,Worse,382,18.23,,,
279,Apante-2016,INTA Matagalpa,INTA Centro Sur,INTA Precoz,2016,A,C,Better,Worse,Worse,954,15.00333333,,,
280,Apante-2015,INTA Precoz,PM2 Don Rey,INTA Fuerte Sequia,2016,B,A,Worse,Better,Worse,431,17.81666667,,,
281,Apante-2015,PM2 Don Rey,INTA Centro Sur,ALS 0532-6,2015,C,A,Worse,Worse,Better,662,15.85,,,
282,Apante-2015,INTA Matagalpa,INTA Fuerte Sequia,INTA Centro Sur,2015,A,C,Better,Worse,Worse,533,17.23,,,
283,Apante-2015,INTA Ferroso,ALS 0532-6,SJC 730-79,2015,B,C,Worse,Worse,Worse,647,15.74333333,,,
284,Apante-2015,INTA Rojo,INTA Centro Sur,ALS 0532-6,2015,B,C,Worse,Better,Worse,627,16.88333333,,,
285,Apante-2015,INTA Precoz,INTA Rojo,INTA Fuerte Sequia,2015,B,A,Worse,Better,Worse,771,14.35666667,,,
286,Apante-2015,INTA Fuerte Sequia,INTA Centro Sur,PM2 Don Rey,2015,C,B,Better,Worse,Better,394,18.01666667,,,
287,Apante-2015,SJC 730-79,INTA Matagalpa,INTA Precoz,2015,B,C,Better,Better,Worse,394,18.01666667,,,
288,Apante-2015,INTA Precoz,INTA Rojo,INTA Ferroso,2016,A,C,Worse,Better,Worse,423,18.64333333,,,
289,Apante-2015,ALS 0532-6,SJC 730-79,INTA Centro Sur,2015,C,B,Worse,Worse,Better,617,15.97,,,
290,Postrera-2015,INTA Matagalpa,INTA Rojo,ALS 0532-6,2015,A,B,Better,Better,Better,745,15.82333333,,,
291,Apante-2015,INTA Fuerte Sequia,ALS 0532-6,SJC 730-79,2016,C,A,Worse,Worse,Better,600,17.79,,,
292,Apante-2015,ALS 0532-6,INTA Centro Sur,BRT 103-182,2015,A,C,Better,Worse,Worse,642,15.85,,,
293,Apante-2015,INTA Precoz,INTA Rojo,INTA Matagalpa,2015,C,A,Worse,Worse,Better,609,15.78333333,,,
294,Apante-2015,INTA Precoz,INTA Ferroso,SJC 730-79,2015,C,B,Worse,Worse,Better,394,18.01666667,,,
295,Apante-2016,INTA Precoz,INTA Fuerte Sequia,INTA Rojo,2017,B,C,Better,Better,Better,696,15.53,,,
296,Postrera-2015,INTA Fuerte Sequia,ALS 0532-6,INTA Centro Sur,2015,C,B,Better,Worse,Better,769,15.99,,,
297,Apante-2015,INTA Matagalpa,SJC 730-79,INTA Ferroso,2015,B,C,Worse,Better,Worse,444,16.84333333,,,
298,Apante-2015,INTA Ferroso,INTA Fuerte Sequia,SJC 730-79,2015,B,C,Worse,Better,Worse,402,17.97666667,,,
299,Apante-2016,INTA Fuerte Sequia,SJC 730-79,INTA Matagalpa,2016,A,B,Better,Better,Better,803,15.66333333,,,
300,Postrera-2015,INTA Precoz,SJC 730-79,PM2 Don Rey,2015,C,B,Worse,Worse,Better,628,16.14333333,,,
301,Apante-2015,INTA Fuerte Sequia,INTA Rojo,INTA Ferroso,2015,C,A,Worse,Worse,Better,226,19.06333333,,,
302,Postrera-2015,BRT 103-182,INTA Centro Sur,ALS 0532-6,2015,A,C,Better,Worse,Worse,802,15.96333333,,,
303,Apante-2015,INTA Rojo,INTA Fuerte Sequia,INTA Matagalpa,2015,B,A,Worse,Better,Worse,642,15.85,,,
304,Apante-2015,INTA Precoz,SJC 730-79,ALS 0532-6,2015,B,A,Worse,Better,Worse,642,15.85,,,
305,Apante-2016,PM2 Don Rey,INTA Fuerte Sequia,BRT 103-182,2016,C,A,-9999,-9999,Better,308,16.47,,,
306,Apante-2016,INTA Matagalpa,INTA Centro Sur,INTA Rojo,2017,A,B,Better,Worse,Better,742,15.63,,,
307,Apante-2015,PM2 Don Rey,INTA Centro Sur,INTA Ferroso,2016,B,C,Worse,Better,Worse,297,18.54333333,,,
308,Postrera-2015,INTA Fuerte Sequia,PM2 Don Rey,INTA Matagalpa,2015,C,A,Better,Worse,Worse,290,17.32333333,,,
309,Apante-2015,INTA Rojo,BRT 103-182,INTA Fuerte Sequia,2016,A,C,Better,Worse,Worse,339,18.57666667,,,
310,Apante-2016,SJC 730-79,ALS 0532-6,INTA Centro Sur,2016,A,B,Better,Worse,Worse,742,15.63,,,
311,Postrera-2015,INTA Centro Sur,INTA Ferroso,INTA Rojo,2015,C,B,Better,Worse,Better,450,16.91666667,,,
312,Apante-2016,SJC 730-79,INTA Matagalpa,INTA Fuerte Sequia,2016,A,C,-9999,Better,-9999,308,16.47,,,
313,Apante-2015,PM2 Don Rey,INTA Fuerte Sequia,INTA Ferroso,2015,C,A,Worse,Better,Worse,418,17.56333333,,,
314,Apante-2015,BRT 103-182,INTA Ferroso,INTA Fuerte Sequia,2015,A,C,Better,Worse,Worse,251,18.67666667,,,
315,Apante-2016,SJC 730-79,INTA Fuerte Sequia,INTA Precoz,2016,A,C,Better,-9999,-9999,753,17.31666667,,,
316,Primeira-2015,INTA Centro Sur,INTA Precoz,INTA Rojo,2016,A,B,Better,Better,Better,890,18.35666667,,,
317,Primeira-2015,INTA Rojo,INTA Ferroso,INTA Matagalpa,2016,C,B,Better,Better,Better,890,18.35666667,,,
318,Apante-2016,INTA Matagalpa,PM2 Don Rey,ALS 0532-6,2016,B,A,-9999,Better,-9999,1160,16.97666667,,,
319,Primeira-2015,ALS 0532-6,INTA Fuerte Sequia,BRT 103-182,2016,C,A,Better,Better,Better,890,18.35666667,,,
320,Primeira-2015,ALS 0532-6,INTA Fuerte Sequia,BRT 103-182,2016,C,B,Better,Better,Better,890,18.35666667,,,
321,Primeira-2015,INTA Ferroso,ALS 0532-6,INTA Fuerte Sequia,2016,C,B,Better,Better,Better,890,18.35666667,,,
322,Apante-2016,INTA Precoz,INTA Fuerte Sequia,ALS 0532-6,2016,B,A,Worse,Worse,Worse,596,17.61666667,,,
323,Apante-2016,INTA Precoz,INTA Fuerte Sequia,INTA Centro Sur,2016,A,C,Better,-9999,-9999,847,18.67,,,
324,Apante-2016,INTA Centro Sur,PM2 Don Rey,SJC 730-79,2016,A,B,Better,-9999,-9999,847,18.67,,,
325,Primeira-2015,SJC 730-79,INTA Rojo,BRT 103-182,2016,C,A,Better,Better,Better,890,18.35666667,,,
326,Primeira-2015,PM2 Don Rey,INTA Rojo,ALS 0532-6,2016,B,C,Worse,Worse,Worse,890,18.35666667,,,
327,Primeira-2015,INTA Centro Sur,PM2 Don Rey,ALS 0532-6,2016,A,C,Better,Better,Better,890,18.35666667,,,
328,Apante-2015,BRT 103-182,INTA Ferroso,PM2 Don Rey,2015,B,C,Worse,Better,Worse,271,18.42333333,,,
329,Apante-2015,INTA Matagalpa,PM2 Don Rey,INTA Fuerte Sequia,2016,C,A,Worse,Better,Better,278,18.55666667,,,
330,Apante-2015,INTA Rojo,PM2 Don Rey,ALS 0532-6,2015,A,C,Worse,Worse,Worse,1034,15.40333333,,,
331,Apante-2015,INTA Fuerte Sequia,ALS 0532-6,INTA Ferroso,2015,A,C,Better,Better,Worse,267,18.55,,,
332,Apante-2015,INTA Ferroso,INTA Fuerte Sequia,INTA Precoz,2015,B,A,Worse,Worse,Worse,1034,15.40333333,,,
333,Apante-2015,INTA Ferroso,INTA Centro Sur,SJC 730-79,2015,B,C,Better,Better,Worse,290,18.61,,,
334,Apante-2015,INTA Precoz,PM2 Don Rey,INTA Matagalpa,2015,B,C,Worse,Worse,Worse,1034,15.40333333,,,
335,Postrera-2015,INTA Centro Sur,PM2 Don Rey,BRT 103-182,2015,C,B,Worse,Worse,Worse,466,17.10333333,,,
336,Apante-2015,INTA Rojo,INTA Matagalpa,SJC 730-79,2015,B,C,Worse,Better,Worse,1013,15.40333333,,,
337,Apante-2015,INTA Matagalpa,INTA Precoz,ALS 0532-6,2015,C,A,Better,Worse,Better,321,17.31,,,
338,Postrera-2015,SJC 730-79,INTA Rojo,INTA Precoz,2015,B,A,Worse,Better,Worse,308,17.63,,,
339,Apante-2015,INTA Ferroso,BRT 103-182,INTA Rojo,2015,B,C,Worse,Better,Worse,257,18.61,,,
340,Apante-2015,BRT 103-182,INTA Ferroso,SJC 730-79,2015,A,B,Better,Worse,Worse,288,18.61,,,
341,Postrera-2015,INTA Ferroso,SJC 730-79,INTA Matagalpa,2015,B,C,Better,Worse,Worse,321,17.31,,,
342,Postrera-2015,INTA Centro Sur,INTA Matagalpa,INTA Precoz,2015,B,A,Worse,Better,Worse,317,17.49666667,,,
343,Postrera-2015,INTA Ferroso,PM2 Don Rey,BRT 103-182,2015,C,B,Worse,Better,Better,309,17.55,,,
344,Apante-2015,INTA Matagalpa,PM2 Don Rey,BRT 103-182,2015,C,B,Better,Worse,Better,288,18.61,,,
345,Apante-2015,SJC 730-79,ALS 0532-6,INTA Fuerte Sequia,2015,C,B,Better,Worse,Better,271,18.42333333,,,
346,Apante-2015,INTA Rojo,INTA Matagalpa,BRT 103-182,2015,C,B,Better,Worse,Better,291,18.55666667,,,
347,Apante-2016,INTA Fuerte Sequia,INTA Centro Sur,PM2 Don Rey,2016,A,B,-9999,Better,-9999,298,19.00333333,,,
348,Postrera-2015,INTA Rojo,SJC 730-79,BRT 103-182,2015,A,B,Better,Worse,Worse,427,17.52333333,,,
349,Apante-2015,INTA Fuerte Sequia,INTA Ferroso,INTA Matagalpa,2015,A,C,Better,Worse,Worse,1034,15.40333333,,,
350,Apante-2015,INTA Matagalpa,INTA Fuerte Sequia,INTA Precoz,2015,C,A,Better,Worse,Better,288,17.56333333,,,
351,Apante-2015,PM2 Don Rey,INTA Precoz,ALS 0532-6,2015,C,A,Better,Worse,Better,1034,15.40333333,,,
352,Apante-2015,INTA Centro Sur,INTA Matagalpa,INTA Fuerte Sequia,2015,C,A,Worse,Worse,Better,288,18.61,,,
353,Apante-2015,BRT 103-182,INTA Rojo,INTA Ferroso,2015,C,A,Worse,Worse,Worse,1013,15.40333333,,,
354,Apante-2015,INTA Fuerte Sequia,INTA Precoz,ALS 0532-6,2015,B,A,Worse,Better,Worse,482,18.11,,,
355,Postrera-2015,ALS 0532-6,INTA Fuerte Sequia,PM2 Don Rey,2015,B,C,Worse,Better,Better,317,17.49666667,,,
356,Apante-2015,ALS 0532-6,INTA Precoz,INTA Centro Sur,2015,B,A,Worse,Better,Better,291,18.55666667,,,
357,Apante-2015,BRT 103-182,INTA Rojo,SJC 730-79,2015,C,A,Worse,Worse,Worse,1013,15.40333333,,,
358,Apante-2015,INTA Ferroso,INTA Fuerte Sequia,PM2 Don Rey,2015,C,A,-9999,-9999,Better,1123,15.72333333,,,
359,Apante-2015,INTA Rojo,SJC 730-79,ALS 0532-6,2015,C,B,Worse,Worse,Better,1013,15.40333333,,,
360,Apante-2015,INTA Matagalpa,INTA Precoz,PM2 Don Rey,2015,A,C,Better,Worse,Worse,298,17.01,,,
361,Apante-2015,INTA Fuerte Sequia,PM2 Don Rey,SJC 730-79,2015,A,C,Worse,Worse,Worse,313,17.39666667,,,
362,Apante-2015,SJC 730-79,INTA Fuerte Sequia,ALS 0532-6,2015,A,C,Better,Worse,Worse,288,18.61,,,
363,Apante-2015,ALS 0532-6,INTA Centro Sur,INTA Precoz,2015,B,A,Better,Better,Worse,291,18.55666667,,,
364,Postrera-2015,BRT 103-182,INTA Ferroso,ALS 0532-6,2015,A,C,Worse,Better,Worse,500,17.35,,,
365,Apante-2015,INTA Rojo,SJC 730-79,PM2 Don Rey,2015,C,A,Better,Worse,Better,317,17.12333333,,,
366,Postrera-2015,SJC 730-79,INTA Fuerte Sequia,INTA Centro Sur,2015,A,C,Better,Better,Worse,528,17.29,,,
367,Apante-2015,INTA Fuerte Sequia,ALS 0532-6,INTA Ferroso,2015,B,A,Better,Better,Worse,1013,15.40333333,,,
368,Apante-2016,INTA Matagalpa,PM2 Don Rey,ALS 0532-6,2016,A,B,Better,Worse,Worse,302,18.41,,,
369,Apante-2015,SJC 730-79,INTA Ferroso,ALS 0532-6,2016,B,C,Worse,Better,Worse,435,17.47,,,
370,Postrera-2015,INTA Matagalpa,INTA Fuerte Sequia,INTA Ferroso,2015,B,A,Worse,Better,Worse,427,17.52333333,,,
371,Postrera-2016,PM2 Don Rey,ALS 0532-6,INTA Precoz,2016,A,C,Better,Worse,Worse,313,17.39666667,,,
372,Apante-2015,INTA Centro Sur,INTA Matagalpa,INTA Ferroso,2015,A,C,Better,Worse,Worse,271,18.42333333,,,
373,Apante-2016,SJC 730-79,BRT 103-182,INTA Rojo,2017,B,A,Better,Better,Worse,302,18.41,,,
374,Apante-2016,SJC 730-79,INTA Ferroso,BRT 103-182,2017,B,C,-9999,Better,-9999,298,19.00333333,,,
375,Apante-2015,ALS 0532-6,INTA Fuerte Sequia,INTA Precoz,2015,C,B,Worse,Worse,Better,278,18.55666667,,,
376,Apante-2015,SJC 730-79,BRT 103-182,INTA Centro Sur,2015,C,A,Worse,Worse,Worse,1013,15.40333333,,,
377,Postrera-2015,INTA Precoz,INTA Ferroso,INTA Rojo,2015,B,A,Worse,Better,Worse,293,17.26333333,,,
378,Apante-2015,BRT 103-182,SJC 730-79,PM2 Don Rey,2015,C,A,Worse,Worse,Better,290,18.76333333,,,
379,Apante-2016,INTA Precoz,INTA Matagalpa,INTA Rojo,2017,B,A,-9999,Better,-9999,298,19.00333333,,,
380,Apante-2015,SJC 730-79,INTA Rojo,INTA Centro Sur,2015,A,C,Worse,Worse,Worse,291,18.55666667,,,
381,Apante-2015,INTA Ferroso,INTA Matagalpa,INTA Rojo,2016,C,A,Worse,Worse,Better,286,18.55666667,,,
382,Apante-2015,PM2 Don Rey,INTA Fuerte Sequia,INTA Ferroso,2015,A,C,Better,Worse,Worse,291,18.55666667,,,
383,Apante-2015,INTA Rojo,ALS 0532-6,INTA Precoz,2015,A,B,Worse,Worse,Better,288,18.61,,,
384,Apante-2016,PM2 Don Rey,INTA Precoz,INTA Centro Sur,2016,C,B,Better,Worse,Better,302,18.41,,,
385,Postrera-2015,INTA Fuerte Sequia,SJC 730-79,INTA Centro Sur,2015,A,C,Better,Worse,Worse,730,17.22333333,,,
386,Apante-2015,INTA Ferroso,INTA Centro Sur,INTA Precoz,2015,A,B,Better,Worse,Worse,288,18.61,,,
387,Apante-2015,INTA Centro Sur,SJC 730-79,INTA Ferroso,2015,C,B,Better,Worse,Worse,1013,15.40333333,,,
388,Apante-2015,INTA Matagalpa,SJC 730-79,BRT 103-182,2015,C,A,Worse,Worse,Better,271,18.42333333,,,
389,Apante-2015,SJC 730-79,INTA Rojo,BRT 103-182,2015,A,B,Better,-9999,-9999,1013,15.40333333,,,
390,Apante-2015,INTA Fuerte Sequia,ALS 0532-6,INTA Rojo,2015,A,C,Better,Better,Worse,271,18.42333333,,,
391,Apante-2015,SJC 730-79,BRT 103-182,INTA Ferroso,2015,B,A,Worse,Better,Worse,279,18.55666667,,,
392,Apante-2015,PM2 Don Rey,INTA Fuerte Sequia,SJC 730-79,2015,B,A,Worse,Better,Worse,257,18.61,,,
393,Apante-2015,ALS 0532-6,INTA Centro Sur,PM2 Don Rey,2015,C,A,Worse,Worse,Better,286,18.55666667,,,
394,Apante-2015,INTA Matagalpa,INTA Precoz,ALS 0532-6,2015,A,C,Better,Better,Worse,288,18.61,,,
395,Apante-2015,INTA Fuerte Sequia,INTA Centro Sur,INTA Matagalpa,2015,B,C,Worse,Worse,Worse,1013,15.40333333,,,
396,Postrera-2015,INTA Ferroso,INTA Centro Sur,INTA Rojo,2015,B,A,Worse,Better,Worse,317,17.49666667,,,
397,Apante-2015,INTA Fuerte Sequia,ALS 0532-6,INTA Precoz,2015,A,C,Better,Better,Better,267,18.55,,,
398,Apante-2015,PM2 Don Rey,SJC 730-79,BRT 103-182,2015,A,B,Better,Worse,Better,288,18.61,,,
399,Apante-2015,INTA Rojo,INTA Ferroso,INTA Centro Sur,2015,B,C,Worse,Worse,Worse,271,18.42333333,,,
400,Postrera-2015,INTA Fuerte Sequia,BRT 103-182,SJC 730-79,2015,C,B,Worse,Worse,Better,302,17.13,,,
401,Apante-2015,INTA Fuerte Sequia,ALS 0532-6,INTA Rojo,2015,A,C,Better,Worse,Worse,309,17.55,,,
402,Apante-2015,INTA Centro Sur,BRT 103-182,INTA Rojo,2015,C,B,Worse,Worse,Worse,397,17.39,,,
403,Apante-2015,INTA Precoz,INTA Centro Sur,ALS 0532-6,2015,B,C,Worse,Better,Worse,293,17.26333333,,,
404,Apante-2016,PM2 Don Rey,INTA Centro Sur,BRT 103-182,2016,C,A,-9999,-9999,Better,298,19.00333333,,,
405,Postrera-2015,SJC 730-79,INTA Fuerte Sequia,BRT 103-182,2015,C,A,Worse,Worse,Better,652,17.40333333,,,
406,Apante-2015,INTA Matagalpa,ALS 0532-6,SJC 730-79,2015,A,C,Better,Worse,Worse,290,18.76333333,,,
407,Apante-2015,SJC 730-79,INTA Ferroso,INTA Fuerte Sequia,2015,A,C,Better,Better,Worse,288,18.61,,,
408,Postrera-2015,BRT 103-182,INTA Rojo,INTA Centro Sur,2015,A,B,Better,Worse,Better,323,17.36333333,,,
409,Postrera-2015,ALS 0532-6,BRT 103-182,SJC 730-79,2015,B,C,Worse,Worse,Better,502,17.59666667,,,
410,Postrera-2015,INTA Rojo,INTA Precoz,INTA Matagalpa,2015,B,C,Worse,Better,Worse,426,17.20333333,,,
411,Apante-2016,INTA Centro Sur,ALS 0532-6,INTA Fuerte Sequia,2016,C,A,-9999,-9999,Better,298,19.00333333,,,
412,Apante-2016,INTA Fuerte Sequia,SJC 730-79,ALS 0532-6,2016,B,C,Worse,Better,Worse,1133,13.89,,,
413,Postrera-2015,INTA Fuerte Sequia,INTA Centro Sur,PM2 Don Rey,2015,C,B,Better,Better,Worse,466,17.10333333,,,
414,Postrera-2015,INTA Ferroso,ALS 0532-6,INTA Matagalpa,2015,B,A,Worse,Better,Worse,308,17.63,,,
415,Postrera-2015,BRT 103-182,SJC 730-79,PM2 Don Rey,2015,A,C,Better,Worse,Worse,781,16.11666667,,,
416,Postrera-2015,SJC 730-79,INTA Centro Sur,PM2 Don Rey,2015,B,C,Worse,Better,Worse,317,17.49666667,,,
417,Apante-2016,INTA Centro Sur,INTA Precoz,SJC 730-79,2016,C,A,-9999,-9999,Better,298,19.00333333,,,
418,Postrera-2015,INTA Matagalpa,SJC 730-79,ALS 0532-6,2015,B,A,Worse,Better,Worse,504,17.85,,,
419,Apante-2015,INTA Ferroso,BRT 103-182,PM2 Don Rey,2015,C,A,Worse,Worse,Better,579,18.17666667,,,
420,Postrera-2015,INTA Fuerte Sequia,SJC 730-79,BRT 103-182,2015,A,C,Better,Worse,Worse,317,17.12333333,,,
421,Postrera-2015,INTA Precoz,INTA Rojo,ALS 0532-6,2015,A,B,Better,Worse,Worse,308,17.63,,,
422,Postrera-2015,PM2 Don Rey,BRT 103-182,SJC 730-79,2015,A,B,Better,Worse,Worse,302,17.13,,,
423,Postrera-2015,INTA Centro Sur,SJC 730-79,INTA Fuerte Sequia,2015,B,A,Worse,Better,Better,652,17.40333333,,,
424,Postrera-2015,INTA Fuerte Sequia,BRT 103-182,INTA Ferroso,2015,B,A,Worse,Better,Worse,726,17.19,,,
425,Postrera-2015,ALS 0532-6,PM2 Don Rey,INTA Centro Sur,2015,A,C,Better,Worse,Worse,861,15.25666667,,,
426,Apante-2015,INTA Rojo,BRT 103-182,INTA Precoz,2015,B,C,Worse,Worse,Worse,291,18.55666667,,,
427,Postrera-2015,INTA Matagalpa,INTA Centro Sur,ALS 0532-6,2015,C,A,Worse,Worse,Better,320,17.59666667,,,
428,Apante-2015,INTA Centro Sur,SJC 730-79,INTA Matagalpa,2015,B,C,Better,Better,Better,271,18.42333333,,,
429,Postrera-2015,INTA Centro Sur,SJC 730-79,INTA Fuerte Sequia,2015,B,A,Better,Better,Worse,781,17.38333333,,,
430,Postrera-2015,INTA Matagalpa,INTA Fuerte Sequia,INTA Centro Sur,2015,C,A,Worse,Better,Better,309,17.55,,,
431,Apante-2015,PM2 Don Rey,INTA Centro Sur,SJC 730-79,2015,A,C,Better,Worse,Worse,288,18.61,,,
432,Apante-2015,INTA Fuerte Sequia,INTA Matagalpa,INTA Rojo,2015,A,C,Better,Worse,Worse,278,18.55666667,,,
433,Postrera-2015,INTA Precoz,INTA Rojo,BRT 103-182,2015,C,A,Worse,Worse,Better,497,17.09666667,,,
434,Apante-2015,BRT 103-182,INTA Centro Sur,INTA Matagalpa,2015,C,B,Better,Better,Better,267,18.55,,,
435,Apante-2015,ALS 0532-6,PM2 Don Rey,INTA Precoz,2015,A,C,Better,-9999,-9999,288,18.61,,,
436,Apante-2015,INTA Fuerte Sequia,SJC 730-79,INTA Matagalpa,2016,B,C,Worse,Better,Worse,286,18.55666667,,,
437,Postrera-2015,SJC 730-79,BRT 103-182,INTA Rojo,2015,A,B,Better,Worse,Worse,528,17.29,,,
438,Postrera-2015,ALS 0532-6,BRT 103-182,INTA Rojo,2015,A,C,Better,Worse,Worse,813,15.38333333,,,
439,Apante-2015,BRT 103-182,SJC 730-79,INTA Centro Sur,2015,A,C,Better,Worse,Better,262,17.21,,,
440,Apante-2016,PM2 Don Rey,ALS 0532-6,INTA Centro Sur,2016,A,B,Worse,Worse,Worse,302,18.41,,,
441,Postrera-2015,INTA Centro Sur,SJC 730-79,INTA Fuerte Sequia,2015,A,B,Better,Worse,Worse,889,17.15666667,,,
442,Postrera-2015,INTA Matagalpa,INTA Precoz,INTA Rojo,2015,C,B,Better,Worse,Better,397,17.39,,,
443,Postrera-2015,INTA Matagalpa,PM2 Don Rey,INTA Precoz,2015,A,C,Better,Worse,Worse,796,17.26333333,,,
444,Apante-2015,ALS 0532-6,INTA Ferroso,INTA Precoz,2015,C,B,Worse,Worse,Better,309,17.55,,,
445,Postrera-2015,INTA Precoz,INTA Matagalpa,INTA Ferroso,2015,B,C,Worse,Better,Worse,575,17.27,,,
446,Apante-2016,INTA Rojo,BRT 103-182,INTA Fuerte Sequia,2016,A,C,Better,Worse,Worse,1133,13.89,,,
447,Apante-2016,SJC 730-79,INTA Matagalpa,INTA Centro Sur,2016,C,A,-9999,-9999,Better,298,19.00333333,,,
448,Apante-2015,PM2 Don Rey,INTA Precoz,INTA Rojo,2015,C,B,Better,Worse,Better,267,18.55,,,
449,Postrera-2015,BRT 103-182,INTA Ferroso,INTA Matagalpa,2015,C,A,Worse,Worse,Better,595,17.11666667,,,
450,Postrera-2015,INTA Centro Sur,PM2 Don Rey,INTA Fuerte Sequia,2015,A,C,Better,Worse,Better,555,17.32333333,,,
451,Apante-2015,SJC 730-79,INTA Fuerte Sequia,INTA Ferroso,2016,B,A,Worse,Better,Worse,328,18.07,,,
452,Apante-2016,INTA Matagalpa,PM2 Don Rey,INTA Ferroso,2016,A,C,Better,-9999,-9999,298,19.00333333,,,
453,Postrera-2015,ALS 0532-6,INTA Rojo,BRT 103-182,2015,B,C,Worse,Worse,Worse,746,17.21,,,
454,Postrera-2015,PM2 Don Rey,INTA Precoz,SJC 730-79,2015,C,B,Worse,Worse,Better,500,17.35,,,
455,Postrera-2015,INTA Fuerte Sequia,INTA Matagalpa,INTA Centro Sur,2015,A,C,Worse,Worse,Worse,499,17.25666667,,,
456,Postrera-2015,INTA Precoz,INTA Ferroso,INTA Matagalpa,2015,A,B,Better,Worse,Worse,604,17.20333333,,,
457,Postrera-2015,INTA Fuerte Sequia,INTA Rojo,PM2 Don Rey,2015,A,C,Worse,Worse,Worse,828,16.72333333,,,
458,Postrera-2015,INTA Matagalpa,INTA Ferroso,INTA Precoz,2015,C,A,Worse,Worse,Better,652,17.40333333,,,
459,Apante-2016,INTA Centro Sur,INTA Precoz,SJC 730-79,2017,A,C,Better,Worse,Worse,302,18.41,,,
460,Postrera-2015,INTA Matagalpa,INTA Fuerte Sequia,PM2 Don Rey,2015,A,C,Better,Worse,Better,604,17.20333333,,,
461,Apante-2015,INTA Rojo,PM2 Don Rey,SJC 730-79,2015,B,C,Worse,Better,Worse,286,18.55666667,,,
462,Postrera-2015,SJC 730-79,INTA Ferroso,ALS 0532-6,2015,A,C,Better,Worse,Worse,604,17.20333333,,,
463,Postrera-2015,PM2 Don Rey,INTA Fuerte Sequia,INTA Precoz,2015,A,C,Worse,Worse,Worse,547,17.15,,,
464,Postrera-2015,SJC 730-79,INTA Ferroso,BRT 103-182,2015,A,C,Better,Worse,Worse,604,17.20333333,,,
465,Apante-2016,BRT 103-182,SJC 730-79,INTA Matagalpa,2017,B,C,-9999,Better,-9999,298,19.00333333,,,
466,Apante-2016,INTA Rojo,INTA Centro Sur,INTA Ferroso,2017,A,C,Better,-9999,-9999,298,19.00333333,,,
467,Apante-2016,INTA Rojo,INTA Centro Sur,INTA Ferroso,2016,B,C,Better,Worse,Worse,302,18.41,,,
468,Postrera-2015,ALS 0532-6,BRT 103-182,PM2 Don Rey,2015,B,A,Worse,Better,Worse,518,17.47,,,
469,Apante-2016,INTA Fuerte Sequia,SJC 730-79,INTA Precoz,2016,C,B,Better,Better,Worse,302,18.41,,,
470,Apante-2015,INTA Rojo,INTA Fuerte Sequia,PM2 Don Rey,2015,B,C,Worse,Worse,Better,291,18.55666667,,,
471,Apante-2016,ALS 0532-6,INTA Rojo,BRT 103-182,2016,A,B,Better,-9999,-9999,998,15.23666667,,,
472,Apante-2015,INTA Matagalpa,BRT 103-182,INTA Precoz,2015,B,A,Worse,Better,Worse,291,18.55666667,,,
473,Postrera-2015,INTA Centro Sur,INTA Matagalpa,BRT 103-182,2015,B,A,Worse,Worse,Better,397,17.39,,,
474,Apante-2016,INTA Ferroso,INTA Matagalpa,SJC 730-79,2017,A,C,Better,-9999,-9999,298,19.00333333,,,
475,Apante-2015,BRT 103-182,SJC 730-79,INTA Ferroso,2015,A,C,Better,Worse,Worse,1034,15.40333333,,,
476,Apante-2015,INTA Centro Sur,BRT 103-182,SJC 730-79,2015,B,C,Worse,Worse,Worse,288,18.61,,,
477,Apante-2015,INTA Fuerte Sequia,BRT 103-182,SJC 730-79,2015,C,A,Worse,Better,Better,288,18.61,,,
478,Postrera-2015,INTA Centro Sur,INTA Fuerte Sequia,INTA Precoz,2015,A,C,Better,Worse,Worse,330,17.84333333,,,
479,Postrera-2015,PM2 Don Rey,ALS 0532-6,INTA Ferroso,2015,B,C,Worse,Better,Better,476,17.25,,,
480,Apante-2016,SJC 730-79,BRT 103-182,INTA Ferroso,2016,C,A,-9999,-9999,Better,298,19.00333333,,,
481,Postrera-2015,INTA Ferroso,BRT 103-182,SJC 730-79,2015,A,C,Worse,Worse,Worse,1065,14.62333333,,,
482,Postrera-2015,INTA Rojo,PM2 Don Rey,INTA Fuerte Sequia,2015,A,C,Better,Worse,Worse,1065,14.62333333,,,
483,Apante-2016,INTA Rojo,INTA Ferroso,INTA Precoz,2017,B,A,Worse,Better,Better,302,18.41,,,
484,Postrera-2015,ALS 0532-6,SJC 730-79,BRT 103-182,2015,A,B,Better,Worse,Worse,532,17.41,,,
485,Postrera-2015,ALS 0532-6,INTA Ferroso,INTA Precoz,2015,A,C,Better,Better,Worse,290,17.87666667,,,
486,Postrera-2015,SJC 730-79,INTA Fuerte Sequia,INTA Centro Sur,2015,C,B,Worse,Better,Better,652,17.40333333,,,
487,Postrera-2015,INTA Ferroso,INTA Precoz,INTA Matagalpa,2015,C,B,Worse,Worse,Better,452,17.45666667,,,
488,Postrera-2015,INTA Ferroso,INTA Rojo,INTA Matagalpa,2015,C,B,Worse,Worse,Better,527,17.44333333,,,
489,Apante-2015,BRT 103-182,INTA Rojo,INTA Matagalpa,2015,A,B,Better,Worse,Worse,277,18.42333333,,,
490,Apante-2016,BRT 103-182,INTA Precoz,PM2 Don Rey,2016,A,C,Better,-9999,-9999,298,19.00333333,,,
491,Primeira-2015,INTA Centro Sur,PM2 Don Rey,SJC 730-79,2016,A,C,Better,Worse,Worse,838,16.17,,,
492,Postrera-2015,PM2 Don Rey,INTA Centro Sur,INTA Precoz,2015,A,C,Worse,Worse,Worse,796,17.26333333,,,
493,Apante-2016,INTA Precoz,INTA Rojo,ALS 0532-6,2016,C,B,Worse,Better,Better,302,18.41,,,
494,Postrera-2015,INTA Centro Sur,ALS 0532-6,INTA Ferroso,2015,A,C,Better,Better,Worse,564,15.77666667,,,
495,Apante-2015,INTA Precoz,BRT 103-182,PM2 Don Rey,2015,A,C,Better,Worse,Better,271,18.42333333,,,
496,Apante-2016,INTA Fuerte Sequia,INTA Rojo,INTA Matagalpa,2016,B,A,-9999,Better,-9999,298,19.00333333,,,
497,Postrera-2015,INTA Matagalpa,INTA Precoz,INTA Ferroso,2015,C,B,Worse,Worse,Better,652,17.40333333,,,
498,Apante-2015,BRT 103-182,INTA Centro Sur,PM2 Don Rey,2015,B,C,Better,Better,Worse,271,18.42333333,,,
499,Apante-2015,INTA Fuerte Sequia,INTA Matagalpa,ALS 0532-6,2015,A,B,Better,Better,Better,271,18.42333333,,,
500,Apante-2016,INTA Centro Sur,PM2 Don Rey,INTA Precoz,2016,A,B,Worse,Better,Worse,302,18.41,,,
501,Apante-2016,SJC 730-79,INTA Rojo,INTA Ferroso,2016,B,A,Worse,Better,Worse,302,18.41,,,
502,Apante-2016,INTA Fuerte Sequia,INTA Centro Sur,INTA Ferroso,2016,B,A,-9999,Better,-9999,939,17.10333333,,,
503,Postrera-2015,PM2 Don Rey,ALS 0532-6,INTA Rojo,2015,A,C,Better,Worse,Worse,856,15.36333333,,,
504,Apante-2016,INTA Ferroso,INTA Centro Sur,INTA Matagalpa,2016,A,C,Better,Worse,Worse,302,18.41,,,
505,Primeira-2015,INTA Matagalpa,INTA Centro Sur,SJC 730-79,2016,B,A,Better,Worse,Worse,838,16.17,,,
506,Postrera-2015,BRT 103-182,SJC 730-79,INTA Centro Sur,2015,A,B,Better,Better,Worse,286,17.89,,,
507,Postrera-2015,INTA Centro Sur,SJC 730-79,INTA Fuerte Sequia,2015,A,B,Better,Worse,Worse,889,17.15666667,,,
508,Apante-2015,ALS 0532-6,PM2 Don Rey,INTA Fuerte Sequia,2015,B,C,Worse,Better,Better,291,18.55666667,,,
509,Postrera-2015,INTA Rojo,INTA Fuerte Sequia,INTA Centro Sur,2015,C,A,Better,Better,Worse,380,17.53666667,,,
510,Apante-2015,INTA Ferroso,INTA Precoz,BRT 103-182,2015,A,C,Better,Better,Worse,291,18.55666667,,,
511,Postrera-2015,INTA Ferroso,INTA Matagalpa,INTA Precoz,2015,B,C,Worse,Better,Worse,889,17.15666667,,,
512,Apante-2016,ALS 0532-6,INTA Rojo,BRT 103-182,2016,B,C,-9999,Better,-9999,298,19.00333333,,,
513,Apante-2016,PM2 Don Rey,INTA Ferroso,INTA Precoz,2016,C,A,-9999,-9999,Better,298,19.00333333,,,
514,Primeira-2015,PM2 Don Rey,INTA Fuerte Sequia,INTA Centro Sur,2016,A,C,Worse,Worse,Worse,1108,14.91666667,,,
515,Apante-2016,INTA Matagalpa,INTA Precoz,INTA Rojo,2016,A,C,Better,-9999,-9999,298,19.00333333,,,
516,Postrera-2015,INTA Matagalpa,PM2 Don Rey,INTA Centro Sur,2015,A,C,Better,Worse,Better,1054,15.39,,,
517,Postrera-2015,INTA Matagalpa,INTA Precoz,INTA Fuerte Sequia,2015,A,B,Better,Worse,Worse,317,17.12333333,,,
518,Apante-2016,INTA Rojo,PM2 Don Rey,INTA Fuerte Sequia,2016,A,C,Better,-9999,-9999,298,19.00333333,,,
519,Primeira-2015,INTA Precoz,INTA Fuerte Sequia,INTA Ferroso,2016,A,C,Worse,Worse,Worse,953,16.61666667,,,
520,Postrera-2015,INTA Fuerte Sequia,INTA Precoz,INTA Centro Sur,2015,B,C,Worse,Better,Worse,528,17.29,,,
521,Postrera-2015,PM2 Don Rey,INTA Ferroso,INTA Matagalpa,2015,B,A,Worse,Better,Better,528,17.29,,,
522,Postrera-2015,INTA Rojo,SJC 730-79,ALS 0532-6,2015,C,A,Worse,Worse,Better,528,17.29,,,
523,Postrera-2015,INTA Fuerte Sequia,BRT 103-182,INTA Centro Sur,2015,C,B,Better,Worse,Better,506,17.24333333,,,
524,Apante-2016,INTA Matagalpa,INTA Fuerte Sequia,PM2 Don Rey,2016,B,C,Better,Better,Worse,302,18.41,,,
525,Postrera-2015,INTA Matagalpa,SJC 730-79,BRT 103-182,2015,A,C,Better,Better,Worse,856,15.36333333,,,
526,Primeira-2015,SJC 730-79,INTA Ferroso,INTA Fuerte Sequia,2016,A,C,Worse,Worse,Worse,1009,16.66333333,,,
527,Apante-2015,INTA Centro Sur,BRT 103-182,INTA Ferroso,2015,C,A,Worse,Worse,Better,412,18.40333333,,,
528,Postrera-2015,SJC 730-79,INTA Centro Sur,INTA Rojo,2015,C,A,Worse,Worse,Better,566,17.48333333,,,
529,Primeira-2015,INTA Centro Sur,SJC 730-79,INTA Precoz,2016,A,C,Better,Worse,Worse,838,16.17,,,
530,Primeira-2015,ALS 0532-6,INTA Rojo,INTA Precoz,2016,A,C,Worse,Worse,Worse,838,16.17,,,
531,Postrera-2015,INTA Rojo,SJC 730-79,ALS 0532-6,2015,B,A,Worse,Worse,Worse,627,17.33,,,
532,Apante-2016,INTA Precoz,INTA Ferroso,INTA Matagalpa,2016,A,B,Better,-9999,-9999,1034,15.40333333,,,
533,Postrera-2015,INTA Precoz,BRT 103-182,INTA Rojo,2015,C,A,Worse,Better,Better,476,17.25,,,
534,Postrera-2015,INTA Rojo,INTA Centro Sur,INTA Precoz,2015,A,C,Better,Better,Worse,475,17.47,,,
535,Postrera-2015,ALS 0532-6,INTA Matagalpa,INTA Ferroso,2015,A,C,Better,Worse,Worse,781,16.11666667,,,
536,Postrera-2016,SJC 730-79,INTA Precoz,PM2 Don Rey,2016,A,C,Better,Better,Worse,285,18.25,,,
537,Primeira-2015,PM2 Don Rey,INTA Centro Sur,BRT 103-182,2016,C,B,Worse,Worse,Better,838,16.17,,,
538,Apante-2015,INTA Ferroso,INTA Fuerte Sequia,INTA Matagalpa,2015,C,A,Worse,Worse,Better,291,18.55666667,,,
539,Postrera-2016,INTA Rojo,ALS 0532-6,SJC 730-79,2016,B,A,Worse,Better,Better,285,18.25,,,
540,Postrera-2015,INTA Matagalpa,PM2 Don Rey,INTA Centro Sur,2015,A,C,Better,Better,Better,308,17.63,,,
541,Postrera-2015,INTA Matagalpa,ALS 0532-6,INTA Precoz,2015,A,C,Better,Worse,Worse,730,16.77,,,
542,Postrera-2015,ALS 0532-6,BRT 103-182,PM2 Don Rey,2015,A,C,Better,Worse,Worse,649,17.55666667,,,
543,Postrera-2015,INTA Centro Sur,ALS 0532-6,INTA Precoz,2015,C,A,Worse,Worse,Better,1030,15.91,,,
544,Postrera-2015,SJC 730-79,INTA Rojo,INTA Matagalpa,2015,A,C,Better,Worse,Worse,478,17.06333333,,,
545,Postrera-2016,SJC 730-79,INTA Ferroso,INTA Centro Sur,2016,A,C,Better,Better,Worse,308,17.63,,,
546,Postrera-2015,PM2 Don Rey,INTA Fuerte Sequia,ALS 0532-6,2015,A,C,Worse,Worse,Worse,547,17.15,,,
547,Postrera-2015,INTA Rojo,SJC 730-79,INTA Fuerte Sequia,2015,A,C,Worse,Better,Better,317,17.49666667,,,
548,Postrera-2015,INTA Centro Sur,PM2 Don Rey,INTA Ferroso,2015,B,C,Worse,Worse,Better,1172,14.71,,,
549,Apante-2015,INTA Matagalpa,INTA Centro Sur,INTA Fuerte Sequia,2015,C,A,Worse,Worse,Better,277,18.42333333,,,
550,Postrera-2015,BRT 103-182,ALS 0532-6,INTA Fuerte Sequia,2015,C,A,Worse,Worse,Better,1021,14.80333333,,,
551,Postrera-2015,INTA Matagalpa,ALS 0532-6,BRT 103-182,2015,A,C,Better,Worse,Worse,906,14.85666667,,,
552,Postrera-2015,SJC 730-79,INTA Centro Sur,INTA Precoz,2015,C,B,Better,Better,Better,564,17.71,,,
553,Postrera-2015,ALS 0532-6,PM2 Don Rey,INTA Rojo,2015,B,C,Worse,Better,Worse,317,17.12333333,,,
554,Postrera-2015,PM2 Don Rey,INTA Precoz,BRT 103-182,2015,B,C,Better,Better,Better,564,17.71,,,
555,Postrera-2015,BRT 103-182,ALS 0532-6,PM2 Don Rey,2015,A,B,Better,Worse,Worse,570,17.04333333,,,
556,Apante-2015,ALS 0532-6,PM2 Don Rey,INTA Fuerte Sequia,2015,C,A,Worse,Worse,Better,288,18.61,,,
557,Postrera-2015,ALS 0532-6,INTA Rojo,INTA Ferroso,2015,A,C,Better,Worse,Worse,649,17.55666667,,,
558,Primeira-2015,INTA Rojo,PM2 Don Rey,BRT 103-182,2016,A,C,Better,Worse,Worse,953,16.61666667,,,
559,Postrera-2015,PM2 Don Rey,ALS 0532-6,BRT 103-182,2015,C,A,Worse,Worse,Better,861,15.25666667,,,
560,Postrera-2015,ALS 0532-6,SJC 730-79,PM2 Don Rey,2015,A,C,Better,Worse,Worse,566,17.48333333,,,
561,Postrera-2015,INTA Rojo,INTA Matagalpa,INTA Fuerte Sequia,2015,A,C,Better,Worse,Worse,330,17.84333333,,,
562,Apante-2016,INTA Ferroso,INTA Fuerte Sequia,PM2 Don Rey,2016,B,C,Better,Better,Worse,302,18.41,,,
563,Postrera-2015,ALS 0532-6,BRT 103-182,INTA Centro Sur,2015,B,C,Worse,Better,Worse,330,17.84333333,,,
564,Primeira-2015,INTA Matagalpa,INTA Precoz,ALS 0532-6,2016,B,C,Worse,Better,Worse,1143,16.71666667,,,
565,Postrera-2015,INTA Matagalpa,PM2 Don Rey,INTA Ferroso,2015,B,A,Worse,Better,Worse,566,17.48333333,,,
566,Primeira-2015,BRT 103-182,INTA Centro Sur,INTA Fuerte Sequia,2016,C,A,Worse,Worse,Better,528,17.29,,,
567,Primeira-2015,BRT 103-182,INTA Centro Sur,SJC 730-79,2016,B,C,Worse,Better,Worse,943,15.19,,,
568,Apante-2016,INTA Ferroso,INTA Fuerte Sequia,ALS 0532-6,2016,A,B,Better,Worse,Better,302,18.41,,,
569,Postrera-2015,INTA Fuerte Sequia,INTA Precoz,PM2 Don Rey,2015,A,C,Better,Worse,Worse,475,17.47,,,
570,Postrera-2016,BRT 103-182,INTA Precoz,INTA Fuerte Sequia,2016,C,A,Worse,Better,Better,285,18.25,,,
571,Apante-2015,INTA Rojo,INTA Precoz,ALS 0532-6,2015,B,A,Worse,Better,Worse,288,18.61,,,
572,Postrera-2016,INTA Centro Sur,INTA Matagalpa,INTA Rojo,2016,C,A,Better,Worse,Better,341,17.55,,,
573,Apante-2016,PM2 Don Rey,SJC 730-79,INTA Centro Sur,2016,A,B,Worse,Better,Worse,302,18.41,,,
574,Postrera-2016,BRT 103-182,INTA Matagalpa,INTA Fuerte Sequia,2016,C,A,Worse,Better,Better,285,18.25,,,
575,Primeira-2015,INTA Rojo,SJC 730-79,PM2 Don Rey,2016,A,C,Better,Worse,Worse,1182,16.09,,,
576,Apante-2016,INTA Rojo,ALS 0532-6,INTA Fuerte Sequia,2016,B,A,Worse,Better,Better,302,18.41,,,
577,Postrera-2015,BRT 103-182,INTA Ferroso,INTA Rojo,2015,A,C,Worse,Worse,Worse,889,17.15666667,,,
578,Postrera-2016,BRT 103-182,INTA Rojo,INTA Matagalpa,2016,A,C,Better,Better,Better,341,17.55,,,
579,Apante-2016,INTA Ferroso,ALS 0532-6,BRT 103-182,2016,B,C,Worse,Better,Worse,302,18.41,,,
580,Postrera-2015,SJC 730-79,ALS 0532-6,INTA Precoz,2015,A,C,Better,Worse,Worse,506,17.24333333,,,
581,Postrera-2016,ALS 0532-6,INTA Ferroso,INTA Rojo,2016,C,A,Worse,Better,Better,285,18.25,,,
582,Postrera-2015,INTA Rojo,BRT 103-182,INTA Centro Sur,2015,A,C,Better,Worse,Worse,796,17.26333333,,,
583,Postrera-2016,PM2 Don Rey,INTA Fuerte Sequia,INTA Matagalpa,2016,A,C,Better,Worse,Better,285,18.25,,,
584,Postrera-2016,ALS 0532-6,INTA Precoz,INTA Rojo,2016,C,A,Worse,Better,Better,341,17.55,,,
585,Postrera-2015,INTA Matagalpa,SJC 730-79,INTA Precoz,2015,A,C,Better,Worse,Better,796,17.26333333,,,
586,Primeira-2015,BRT 103-182,ALS 0532-6,INTA Ferroso,2016,B,A,Worse,Better,Better,838,16.17,,,
587,Postrera-2015,INTA Centro Sur,INTA Rojo,INTA Precoz,2015,A,C,Worse,Worse,Worse,547,17.15,,,
588,Postrera-2015,INTA Ferroso,SJC 730-79,INTA Matagalpa,2015,C,A,Worse,Worse,Better,730,17.22333333,,,
589,Postrera-2016,INTA Matagalpa,INTA Fuerte Sequia,ALS 0532-6,2016,A,C,Better,Better,Worse,341,17.55,,,
590,Postrera-2015,INTA Fuerte Sequia,ALS 0532-6,INTA Centro Sur,2015,A,B,Better,Worse,Worse,330,17.84333333,,,
591,Apante-2016,INTA Fuerte Sequia,SJC 730-79,INTA Precoz,2016,B,A,-9999,Better,-9999,298,19.00333333,,,
592,Postrera-2015,INTA Precoz,SJC 730-79,INTA Matagalpa,2015,A,C,Worse,Worse,Worse,1085,15.71666667,,,
593,Postrera-2015,PM2 Don Rey,INTA Rojo,INTA Fuerte Sequia,2015,A,C,Better,Worse,Worse,1065,14.62333333,,,
594,Postrera-2015,INTA Centro Sur,INTA Matagalpa,SJC 730-79,2015,C,A,Worse,Worse,Better,1250,14.23,,,
595,Postrera-2015,BRT 103-182,ALS 0532-6,INTA Precoz,2015,A,C,Worse,Worse,Worse,1188,14.53,,,
596,Postrera-2015,INTA Rojo,INTA Fuerte Sequia,INTA Ferroso,2015,B,C,Worse,Worse,Worse,1075,16.45666667,,,
597,Primeira-2015,SJC 730-79,INTA Rojo,INTA Matagalpa,2016,A,B,Better,Worse,Worse,528,17.29,,,
598,Apante-2016,INTA Centro Sur,ALS 0532-6,BRT 103-182,2016,A,C,Better,-9999,-9999,298,19.00333333,,,
599,Postrera-2015,BRT 103-182,INTA Rojo,INTA Ferroso,2015,A,C,Better,Worse,Worse,1026,14.50333333,,,
600,Apante-2016,PM2 Don Rey,ALS 0532-6,INTA Matagalpa,2016,B,A,-9999,Better,-9999,1151,15.81,,,
601,Postrera-2015,INTA Matagalpa,ALS 0532-6,INTA Precoz,2015,A,C,Better,Worse,Worse,1108,14.91666667,,,
602,Primeira-2015,INTA Centro Sur,INTA Fuerte Sequia,SJC 730-79,2016,C,B,Worse,Worse,Better,838,16.17,,,
603,Primeira-2015,INTA Centro Sur,INTA Fuerte Sequia,INTA Matagalpa,2016,B,C,Worse,Worse,Worse,528,17.29,,,
604,Postrera-2015,ALS 0532-6,INTA Precoz,INTA Centro Sur,2015,A,C,Better,Worse,Worse,1172,14.71,,,
605,Primeira-2015,SJC 730-79,INTA Ferroso,INTA Precoz,2016,C,A,Worse,Worse,Better,1182,16.09,,,
606,Postrera-2015,INTA Ferroso,ALS 0532-6,INTA Rojo,2015,B,A,Worse,Better,Worse,652,17.40333333,,,
607,Apante-2016,PM2 Don Rey,INTA Matagalpa,INTA Rojo,2017,C,A,Worse,Better,Better,302,18.41,,,
608,Postrera-2015,PM2 Don Rey,INTA Precoz,INTA Centro Sur,2015,A,B,Better,Worse,Better,746,17.21,,,
609,Apante-2015,PM2 Don Rey,INTA Precoz,INTA Fuerte Sequia,2015,A,C,Better,Better,Better,290,18.61,,,
610,Apante-2016,INTA Rojo,SJC 730-79,BRT 103-182,2016,C,A,Worse,Worse,Worse,302,18.41,,,
611,Primeira-2015,INTA Matagalpa,SJC 730-79,PM2 Don Rey,2016,B,C,Worse,Worse,Worse,1182,16.09,,,
612,Apante-2016,INTA Rojo,SJC 730-79,BRT 103-182,2016,A,B,Better,Worse,Worse,302,18.41,,,
613,Postrera-2016,INTA Fuerte Sequia,INTA Matagalpa,INTA Rojo,2016,B,A,Worse,Better,Better,341,17.55,,,
614,Postrera-2015,INTA Precoz,SJC 730-79,INTA Fuerte Sequia,2015,C,B,Better,Worse,Worse,286,17.89,,,
615,Primeira-2015,INTA Fuerte Sequia,SJC 730-79,INTA Precoz,2016,A,B,Better,Worse,Worse,838,16.17,,,
616,Primeira-2015,ALS 0532-6,INTA Precoz,INTA Centro Sur,2016,B,A,Worse,Better,Worse,838,16.17,,,
617,Apante-2015,INTA Rojo,SJC 730-79,ALS 0532-6,2015,A,B,Better,Worse,Better,267,18.55,,,
618,Apante-2016,BRT 103-182,INTA Fuerte Sequia,INTA Centro Sur,2017,A,B,Better,-9999,-9999,1107,15.25666667,,,
619,Apante-2016,INTA Matagalpa,INTA Precoz,SJC 730-79,2017,C,A,Better,-9999,Worse,1034,15.40333333,,,
620,Postrera-2015,BRT 103-182,INTA Rojo,INTA Fuerte Sequia,2015,B,C,Worse,Better,Worse,796,17.26333333,,,
621,Postrera-2015,BRT 103-182,INTA Matagalpa,INTA Fuerte Sequia,2015,A,C,Better,Worse,Worse,309,17.23666667,,,
622,Postrera-2015,BRT 103-182,PM2 Don Rey,INTA Rojo,2015,C,B,Worse,Better,Better,513,17.67,,,
623,Postrera-2015,INTA Precoz,INTA Fuerte Sequia,INTA Matagalpa,2015,A,C,Worse,Worse,Worse,781,17.38333333,,,
624,Primeira-2015,PM2 Don Rey,INTA Fuerte Sequia,INTA Rojo,2016,B,C,Worse,Worse,Worse,838,16.17,,,
625,Postrera-2015,PM2 Don Rey,SJC 730-79,INTA Ferroso,2015,B,C,Worse,Better,Worse,746,17.21,,,
626,Postrera-2015,PM2 Don Rey,SJC 730-79,BRT 103-182,2015,A,B,Better,Worse,Worse,330,17.84333333,,,
627,Primeira-2015,INTA Fuerte Sequia,SJC 730-79,INTA Matagalpa,2016,A,C,Better,Worse,Worse,1108,14.91666667,,,
628,Postrera-2015,INTA Precoz,ALS 0532-6,INTA Fuerte Sequia,2015,C,A,Worse,Worse,Better,402,17.63,,,
629,Postrera-2015,PM2 Don Rey,ALS 0532-6,SJC 730-79,2015,B,A,Worse,Better,Better,325,17.65666667,,,
630,Postrera-2015,INTA Ferroso,INTA Precoz,PM2 Don Rey,2015,A,C,Better,Worse,Worse,330,17.84333333,,,
631,Postrera-2015,PM2 Don Rey,INTA Matagalpa,ALS 0532-6,2015,C,A,Worse,Better,Better,380,17.53666667,,,
632,Postrera-2015,INTA Centro Sur,PM2 Don Rey,INTA Precoz,2015,A,C,Worse,Worse,Worse,1051,14.77666667,,,
633,Postrera-2016,ALS 0532-6,BRT 103-182,PM2 Don Rey,2016,B,C,Better,Better,Worse,341,17.55,,,
634,Postrera-2015,INTA Matagalpa,ALS 0532-6,INTA Centro Sur,2015,B,A,Worse,Better,Worse,588,17.41666667,,,
635,Postrera-2016,INTA Fuerte Sequia,PM2 Don Rey,SJC 730-79,2016,C,A,Better,Better,Better,341,17.55,,,
636,Postrera-2015,INTA Matagalpa,INTA Precoz,INTA Centro Sur,2015,B,C,Worse,Better,Worse,627,17.33,,,
637,Postrera-2015,BRT 103-182,ALS 0532-6,SJC 730-79,2015,C,A,Worse,Worse,Worse,313,17.39666667,,,
638,Primeira-2015,INTA Precoz,INTA Ferroso,INTA Centro Sur,2016,A,C,Worse,Worse,Worse,1182,16.09,,,
639,Postrera-2015,INTA Matagalpa,PM2 Don Rey,ALS 0532-6,2015,B,A,Better,Better,Better,564,17.71,,,
640,Primeira-2015,INTA Centro Sur,INTA Rojo,INTA Fuerte Sequia,2016,C,A,Worse,Worse,Better,528,17.29,,,
641,Primeira-2015,INTA Ferroso,INTA Rojo,SJC 730-79,2016,B,C,Worse,Better,Worse,953,16.61666667,,,
642,Primeira-2015,ALS 0532-6,INTA Precoz,BRT 103-182,2016,A,C,Worse,Worse,Worse,953,16.61666667,,,
643,Primeira-2015,INTA Fuerte Sequia,SJC 730-79,INTA Ferroso,2016,A,C,Better,Worse,Worse,953,16.61666667,,,
644,Primeira-2015,INTA Rojo,INTA Matagalpa,PM2 Don Rey,2016,A,C,Better,Worse,Worse,953,16.61666667,,,
645,Primeira-2015,INTA Ferroso,INTA Fuerte Sequia,INTA Matagalpa,2016,A,C,Better,Better,Worse,838,16.17,,,
646,Primeira-2015,SJC 730-79,ALS 0532-6,INTA Centro Sur,2016,B,C,Worse,Better,Worse,838,16.17,,,
647,Postrera-2015,INTA Centro Sur,INTA Rojo,INTA Fuerte Sequia,2015,C,B,Worse,Worse,Better,627,17.33,,,
648,Apante-2016,INTA Ferroso,INTA Fuerte Sequia,ALS 0532-6,2016,B,C,-9999,Better,-9999,298,19.00333333,,,
649,Postrera-2016,INTA Centro Sur,INTA Rojo,BRT 103-182,2016,A,B,Better,Worse,Better,341,17.55,,,
650,Postrera-2016,ALS 0532-6,SJC 730-79,INTA Ferroso,2016,B,A,Worse,Better,Better,285,17.35666667,,,
651,Primeira-2015,INTA Matagalpa,SJC 730-79,INTA Precoz,2016,A,B,Better,Worse,Worse,838,16.17,,,
652,Primeira-2015,SJC 730-79,INTA Rojo,INTA Matagalpa,2016,A,B,Better,Worse,Worse,528,17.29,,,
653,Postrera-2015,PM2 Don Rey,BRT 103-182,ALS 0532-6,2015,A,C,Better,Worse,Worse,528,17.29,,,
654,Postrera-2015,INTA Ferroso,ALS 0532-6,SJC 730-79,2015,A,C,Better,Better,Worse,427,17.52333333,,,
655,Primeira-2015,ALS 0532-6,INTA Precoz,INTA Ferroso,2016,A,C,Better,Worse,Worse,669,16.94333333,,,
656,Postrera-2016,INTA Ferroso,INTA Centro Sur,INTA Rojo,2016,B,A,Worse,Better,Worse,476,17.25,,,
657,Postrera-2015,SJC 730-79,INTA Precoz,BRT 103-182,2015,A,B,Better,Worse,Worse,564,15.77666667,,,
658,Postrera-2016,INTA Centro Sur,PM2 Don Rey,INTA Rojo,2016,A,C,Better,Worse,Worse,285,17.35666667,,,
659,Postrera-2015,PM2 Don Rey,INTA Rojo,INTA Centro Sur,2015,A,C,Worse,Worse,Worse,1085,15.71666667,,,
660,Postrera-2015,INTA Ferroso,ALS 0532-6,INTA Precoz,2015,B,A,Worse,Better,Worse,476,17.25,,,
661,Postrera-2015,PM2 Don Rey,BRT 103-182,INTA Rojo,2015,B,C,Worse,Better,Worse,594,17.27,,,
662,Primeira-2015,INTA Ferroso,PM2 Don Rey,INTA Fuerte Sequia,2016,C,A,Worse,Worse,Better,838,16.17,,,
663,Postrera-2016,SJC 730-79,BRT 103-182,INTA Centro Sur,2016,B,A,Better,Worse,Worse,313,17.39666667,,,
664,Postrera-2015,INTA Centro Sur,PM2 Don Rey,BRT 103-182,2015,A,B,Better,Worse,Worse,330,17.84333333,,,
665,Primeira-2015,INTA Matagalpa,INTA Ferroso,INTA Centro Sur,2016,A,C,Worse,Worse,Worse,782,14.96333333,,,
666,Postrera-2015,INTA Centro Sur,SJC 730-79,INTA Fuerte Sequia,2015,B,A,Worse,Better,Worse,796,17.26333333,,,
667,Postrera-2016,BRT 103-182,INTA Matagalpa,PM2 Don Rey,2016,A,C,Better,Worse,Better,317,17.49666667,,,
668,Postrera-2015,INTA Rojo,INTA Precoz,SJC 730-79,2015,A,B,Better,Worse,Worse,523,15.80333333,,,
669,Postrera-2015,INTA Fuerte Sequia,INTA Centro Sur,INTA Precoz,2015,C,A,Better,Better,Better,322,18.01,,,
670,Postrera-2015,INTA Ferroso,ALS 0532-6,PM2 Don Rey,2015,B,C,Worse,Better,Worse,796,17.26333333,,,
671,Postrera-2015,SJC 730-79,PM2 Don Rey,INTA Matagalpa,2015,A,C,Better,Better,Worse,380,17.53666667,,,
672,Primeira-2015,INTA Centro Sur,PM2 Don Rey,INTA Ferroso,2016,B,C,Worse,Better,Worse,1108,14.91666667,,,
673,Postrera-2015,SJC 730-79,INTA Rojo,INTA Ferroso,2015,B,A,Better,Better,Better,828,17.31666667,,,
674,Postrera-2015,INTA Matagalpa,INTA Ferroso,INTA Precoz,2015,C,B,Worse,Worse,Better,787,17.03,,,
675,Primeira-2015,SJC 730-79,BRT 103-182,INTA Ferroso,2016,A,C,Worse,Worse,Worse,1108,14.91666667,,,
676,Postrera-2015,INTA Rojo,SJC 730-79,INTA Ferroso,2015,C,A,Worse,Worse,Better,475,17.47,,,
677,Apante-2016,INTA Centro Sur,ALS 0532-6,INTA Rojo,2016,A,C,Better,Worse,Worse,302,18.41,,,
678,Primeira-2015,INTA Precoz,INTA Matagalpa,INTA Ferroso,2016,A,C,Better,Worse,Worse,641,16.97,,,
679,Postrera-2015,PM2 Don Rey,ALS 0532-6,BRT 103-182,2015,A,B,Better,Worse,Worse,528,17.29,,,
680,Primeira-2015,SJC 730-79,INTA Matagalpa,BRT 103-182,2016,A,C,Worse,Worse,Worse,528,17.29,,,
681,Postrera-2015,SJC 730-79,INTA Matagalpa,ALS 0532-6,2015,B,A,Worse,Better,Better,325,17.65666667,,,
682,Primeira-2015,INTA Ferroso,INTA Matagalpa,BRT 103-182,2016,C,A,Worse,Worse,Better,838,16.17,,,
683,Postrera-2015,INTA Ferroso,PM2 Don Rey,SJC 730-79,2015,B,C,Worse,Better,Worse,427,17.52333333,,,
684,Primeira-2015,PM2 Don Rey,INTA Ferroso,INTA Precoz,2016,A,B,Better,Worse,Better,528,17.29,,,
685,Postrera-2015,INTA Matagalpa,INTA Ferroso,SJC 730-79,2015,C,A,Worse,Worse,Better,828,16.37,,,
686,Postrera-2015,INTA Fuerte Sequia,INTA Ferroso,INTA Centro Sur,2015,A,C,Better,Worse,Worse,493,16.19,,,
687,Primeira-2015,PM2 Don Rey,INTA Rojo,INTA Precoz,2016,C,A,Worse,Worse,Better,838,16.17,,,
688,Postrera-2016,INTA Precoz,PM2 Don Rey,INTA Fuerte Sequia,2016,A,B,Better,Worse,Worse,321,17.31,,,
689,Primeira-2015,ALS 0532-6,INTA Fuerte Sequia,INTA Centro Sur,2016,A,B,Worse,Worse,Worse,1108,14.91666667,,,
690,Primeira-2015,BRT 103-182,INTA Centro Sur,ALS 0532-6,2016,C,A,Worse,Worse,Better,838,16.17,,,
691,Postrera-2016,ALS 0532-6,INTA Precoz,INTA Fuerte Sequia,2016,C,B,Worse,Better,Better,339,17.49666667,,,
692,Primeira-2015,INTA Rojo,INTA Precoz,BRT 103-182,2016,A,C,Better,Worse,Worse,1108,14.91666667,,,
693,Postrera-2016,ALS 0532-6,INTA Precoz,INTA Centro Sur,2016,B,A,Better,Better,Better,341,17.55,,,
694,Primeira-2015,INTA Matagalpa,INTA Ferroso,SJC 730-79,2016,A,C,Better,Worse,Worse,1108,14.91666667,,,
695,Postrera-2016,SJC 730-79,INTA Rojo,BRT 103-182,2016,A,C,Worse,Worse,Worse,476,17.25,,,
696,Primeira-2015,ALS 0532-6,BRT 103-182,PM2 Don Rey,2016,B,A,Worse,Better,Worse,1108,14.91666667,,,
697,Primeira-2015,ALS 0532-6,INTA Matagalpa,BRT 103-182,2016,B,C,Better,Worse,Better,528,17.29,,,
698,Primeira-2015,INTA Precoz,SJC 730-79,INTA Rojo,2016,A,B,Worse,Worse,Better,838,16.17,,,
699,Postrera-2015,INTA Precoz,INTA Matagalpa,BRT 103-182,2015,B,C,-9999,Better,-9999,482,15.53,,,
700,Postrera-2016,PM2 Don Rey,INTA Matagalpa,INTA Centro Sur,2016,B,A,Worse,Better,Better,341,17.55,,,
701,Primeira-2015,INTA Precoz,INTA Matagalpa,INTA Rojo,2016,A,B,Better,Worse,Worse,1108,14.91666667,,,
702,Postrera-2015,INTA Precoz,INTA Matagalpa,INTA Ferroso,2015,A,C,Better,Worse,Worse,942,15.22333333,,,
703,Primeira-2015,SJC 730-79,INTA Fuerte Sequia,BRT 103-182,2016,B,C,Worse,Better,Worse,1108,14.91666667,,,
704,Postrera-2015,INTA Fuerte Sequia,PM2 Don Rey,INTA Centro Sur,2015,C,A,Worse,Worse,Better,1054,15.39,,,
705,Primeira-2015,BRT 103-182,INTA Ferroso,INTA Fuerte Sequia,2016,B,A,Worse,Better,Better,838,16.17,,,
706,Primeira-2015,INTA Matagalpa,ALS 0532-6,INTA Rojo,2016,C,A,Worse,Worse,Better,1108,14.91666667,,,
707,Primeira-2015,INTA Centro Sur,INTA Rojo,ALS 0532-6,2016,A,C,Worse,Worse,Worse,654,18.00333333,,,
708,Primeira-2015,INTA Centro Sur,INTA Precoz,PM2 Don Rey,2016,A,C,Worse,Worse,Worse,1108,14.91666667,,,
709,Postrera-2015,SJC 730-79,INTA Ferroso,INTA Fuerte Sequia,2015,C,A,Worse,Worse,Better,649,17.55666667,,,
710,Postrera-2015,INTA Precoz,INTA Centro Sur,ALS 0532-6,2015,A,C,Better,Worse,Worse,1292,14.41,,,
711,Postrera-2016,INTA Precoz,INTA Ferroso,BRT 103-182,2016,C,A,Better,Worse,Worse,476,17.25,,,
712,Apante-2015,INTA Fuerte Sequia,BRT 103-182,INTA Ferroso,2015,A,B,Better,Better,Better,528,15.56333333,,,
713,Apante-2015,SJC 730-79,INTA Ferroso,INTA Precoz,2015,B,A,Worse,Better,Worse,454,15.36333333,,,
714,Apante-2015,INTA Matagalpa,ALS 0532-6,INTA Ferroso,2015,B,A,Worse,Better,Worse,445,15.49666667,,,
715,Apante-2015,INTA Precoz,INTA Matagalpa,INTA Ferroso,2015,C,A,Better,Better,Worse,753,16.09666667,,,
716,Apante-2015,INTA Rojo,INTA Ferroso,INTA Centro Sur,2015,C,A,Worse,Worse,Better,480,15.67666667,,,
717,Apante-2015,ALS 0532-6,INTA Matagalpa,BRT 103-182,2015,C,A,Worse,Worse,Better,658,15.61666667,,,
718,Apante-2015,INTA Ferroso,BRT 103-182,INTA Precoz,2016,B,C,Worse,Worse,Worse,484,15.36333333,,,
719,Apante-2015,INTA Fuerte Sequia,INTA Precoz,INTA Centro Sur,2015,A,B,Better,Worse,Worse,433,15.57666667,,,
720,Apante-2015,ALS 0532-6,INTA Centro Sur,BRT 103-182,2015,A,C,Better,Worse,Worse,753,16.09666667,,,
721,Apante-2015,ALS 0532-6,BRT 103-182,PM2 Don Rey,2015,C,A,Worse,Worse,Better,506,16.04333333,,,
722,Apante-2015,INTA Centro Sur,INTA Rojo,INTA Fuerte Sequia,2015,B,C,Worse,Better,Worse,682,15.26333333,,,
723,Apante-2015,ALS 0532-6,INTA Centro Sur,PM2 Don Rey,2015,A,C,Better,Worse,Worse,612,16.00333333,,,
724,Apante-2015,INTA Precoz,INTA Matagalpa,INTA Fuerte Sequia,2015,C,A,Worse,Worse,Better,753,16.09666667,,,
725,Apante-2015,ALS 0532-6,BRT 103-182,INTA Ferroso,2015,C,A,Worse,Worse,Better,512,15.78333333,,,
726,Apante-2015,INTA Centro Sur,PM2 Don Rey,INTA Ferroso,2016,C,A,Worse,Worse,Better,445,15.49666667,,,
727,Apante-2015,INTA Centro Sur,INTA Precoz,INTA Ferroso,2015,A,B,Worse,Better,Worse,778,15.72333333,,,
728,Apante-2015,INTA Ferroso,INTA Centro Sur,BRT 103-182,2015,A,C,Better,Worse,Worse,424,15.63,,,
729,Apante-2015,INTA Precoz,INTA Fuerte Sequia,PM2 Don Rey,2015,A,C,Better,Better,Better,433,15.57666667,,,
730,Apante-2015,INTA Rojo,INTA Precoz,INTA Matagalpa,2016,A,B,Better,Worse,Worse,517,15.87,,,
731,Apante-2015,ALS 0532-6,BRT 103-182,INTA Centro Sur,2016,A,C,Better,Worse,Worse,517,15.87,,,
732,Apante-2015,INTA Fuerte Sequia,INTA Ferroso,INTA Centro Sur,2015,A,B,Better,Worse,Worse,691,15.59666667,,,
733,Apante-2015,INTA Matagalpa,SJC 730-79,INTA Rojo,2015,C,A,Better,Better,Worse,482,15.49666667,,,
734,Apante-2015,INTA Matagalpa,SJC 730-79,INTA Ferroso,2016,A,C,Better,Worse,Worse,454,15.36333333,,,
735,Apante-2015,INTA Rojo,INTA Fuerte Sequia,INTA Centro Sur,2015,B,C,Worse,Better,Worse,445,15.49666667,,,
736,Apante-2015,INTA Fuerte Sequia,INTA Centro Sur,BRT 103-182,2015,C,A,Worse,Worse,Worse,454,15.36333333,,,
737,Apante-2015,INTA Matagalpa,INTA Precoz,INTA Centro Sur,2015,C,B,Worse,Worse,Better,517,15.87,,,
738,Apante-2015,INTA Ferroso,ALS 0532-6,SJC 730-79,2015,A,B,Better,Worse,Worse,458,15.49666667,,,
739,Apante-2015,INTA Precoz,BRT 103-182,INTA Rojo,2015,B,C,Worse,Better,Worse,638,15.73666667,,,
740,Apante-2015,SJC 730-79,INTA Centro Sur,PM2 Don Rey,2016,C,B,Worse,Worse,Worse,517,15.87,,,
741,Apante-2015,INTA Centro Sur,SJC 730-79,ALS 0532-6,2015,A,C,Better,Worse,Worse,504,15.65666667,,,
742,Apante-2016,INTA Rojo,INTA Ferroso,SJC 730-79,2016,C,A,Worse,Worse,Better,1036,14.26333333,,,
743,Apante-2015,INTA Centro Sur,PM2 Don Rey,INTA Fuerte Sequia,2015,B,C,Worse,Better,Worse,452,15.66333333,,,
744,Apante-2015,ALS 0532-6,BRT 103-182,INTA Rojo,2015,C,A,Worse,Worse,Better,513,15.82333333,,,
745,Apante-2015,INTA Rojo,INTA Matagalpa,INTA Precoz,2015,C,A,Worse,Better,Better,454,15.36333333,,,
746,Apante-2015,PM2 Don Rey,ALS 0532-6,INTA Fuerte Sequia,2015,C,B,Better,Better,Better,609,15.41666667,,,
747,Apante-2015,ALS 0532-6,INTA Rojo,BRT 103-182,2015,B,A,Worse,Worse,Better,615,15.81,,,
748,Apante-2015,PM2 Don Rey,BRT 103-182,ALS 0532-6,2015,B,A,Worse,Better,Worse,542,15.53,,,
749,Apante-2015,PM2 Don Rey,INTA Rojo,INTA Precoz,2016,B,A,Worse,Better,Worse,482,15.49666667,,,
750,Apante-2015,INTA Rojo,INTA Fuerte Sequia,SJC 730-79,2015,B,A,Better,Better,Better,445,15.49666667,,,
751,Apante-2015,INTA Matagalpa,ALS 0532-6,INTA Centro Sur,2015,C,A,Worse,Worse,Better,458,15.49666667,,,
752,Apante-2015,SJC 730-79,INTA Rojo,INTA Centro Sur,2015,B,C,Worse,Better,Worse,521,15.54333333,,,
753,Apante-2016,ALS 0532-6,INTA Precoz,PM2 Don Rey,2016,A,C,Better,Worse,Worse,1036,14.26333333,,,
754,Apante-2015,INTA Precoz,SJC 730-79,ALS 0532-6,2015,C,A,Worse,Worse,Better,564,15.61666667,,,
755,Apante-2015,INTA Matagalpa,BRT 103-182,INTA Rojo,2015,B,A,Worse,Better,Worse,696,15.53,,,
756,Apante-2015,INTA Ferroso,INTA Matagalpa,INTA Rojo,2016,A,C,Better,Better,Better,484,15.55666667,,,
757,Apante-2015,INTA Ferroso,ALS 0532-6,INTA Centro Sur,2015,C,B,Worse,Worse,Better,335,16.55,,,
758,Apante-2015,SJC 730-79,INTA Fuerte Sequia,INTA Centro Sur,2015,A,B,Better,Worse,Worse,452,15.66333333,,,
759,Apante-2015,INTA Precoz,BRT 103-182,INTA Rojo,2015,B,A,Worse,Better,Worse,473,15.35,,,
760,Apante-2015,INTA Fuerte Sequia,BRT 103-182,INTA Centro Sur,2015,B,A,Worse,Better,Worse,517,15.87,,,
761,Apante-2015,PM2 Don Rey,SJC 730-79,INTA Rojo,2015,C,A,Better,Better,Better,454,15.36333333,,,
762,Apante-2015,PM2 Don Rey,ALS 0532-6,SJC 730-79,2015,B,A,Worse,Better,Worse,521,15.54333333,,,
763,Apante-2015,INTA Matagalpa,INTA Rojo,PM2 Don Rey,2015,B,C,Worse,Better,Worse,758,16.01666667,,,
764,Apante-2015,PM2 Don Rey,ALS 0532-6,INTA Ferroso,2016,B,C,Worse,Better,Worse,506,16.04333333,,,
765,Apante-2015,INTA Rojo,SJC 730-79,ALS 0532-6,2015,A,C,Better,Worse,Worse,452,15.66333333,,,
766,Apante-2015,ALS 0532-6,BRT 103-182,INTA Precoz,2015,C,A,Worse,Better,Worse,778,15.72333333,,,
767,Apante-2015,INTA Matagalpa,INTA Rojo,PM2 Don Rey,2015,B,A,Worse,Better,Worse,603,15.59666667,,,
768,Apante-2015,SJC 730-79,ALS 0532-6,BRT 103-182,2015,C,A,Worse,Worse,Better,482,15.49666667,,,
769,Apante-2015,INTA Rojo,SJC 730-79,INTA Matagalpa,2015,C,B,Worse,Worse,Worse,454,15.36333333,,,
770,Apante-2015,INTA Centro Sur,BRT 103-182,INTA Precoz,2015,A,C,Better,Worse,Worse,528,15.56333333,,,
771,Apante-2015,INTA Matagalpa,SJC 730-79,ALS 0532-6,2015,C,A,Worse,Worse,Better,538,15.68333333,,,
772,Apante-2015,INTA Ferroso,INTA Matagalpa,INTA Rojo,2015,B,C,Worse,Better,Worse,482,15.49666667,,,
773,Apante-2015,PM2 Don Rey,BRT 103-182,SJC 730-79,2015,B,A,Better,Worse,Worse,515,15.89,,,
774,Apante-2015,INTA Precoz,SJC 730-79,BRT 103-182,2016,B,C,Worse,Better,Worse,598,15.29666667,,,
775,Apante-2015,ALS 0532-6,BRT 103-182,INTA Ferroso,2015,B,C,Worse,Better,Worse,509,15.87666667,,,
776,Apante-2015,INTA Fuerte Sequia,INTA Matagalpa,INTA Ferroso,2015,A,C,Better,Worse,Worse,595,16.28333333,,,
777,Apante-2015,SJC 730-79,INTA Centro Sur,BRT 103-182,2015,A,C,Better,Worse,Worse,433,15.57666667,,,
778,Apante-2015,INTA Rojo,INTA Precoz,SJC 730-79,2015,C,A,Worse,Worse,Worse,454,15.36333333,,,
779,Apante-2016,ALS 0532-6,INTA Centro Sur,BRT 103-182,2016,B,A,Worse,Better,Worse,505,15.74333333,,,
780,Apante-2015,INTA Centro Sur,INTA Precoz,SJC 730-79,2015,C,B,Worse,Worse,Better,690,15.99666667,,,
781,Apante-2015,INTA Centro Sur,INTA Precoz,INTA Fuerte Sequia,2016,A,B,Better,Worse,Worse,472,15.50333333,,,
782,Apante-2015,INTA Matagalpa,BRT 103-182,PM2 Don Rey,2015,B,A,Worse,Better,Worse,488,15.94333333,,,
783,Apante-2016,BRT 103-182,INTA Centro Sur,INTA Matagalpa,2016,A,B,Better,Worse,Better,505,15.74333333,,,
784,Apante-2016,INTA Precoz,INTA Fuerte Sequia,SJC 730-79,2016,C,A,Worse,Better,Better,505,15.74333333,,,
785,Apante-2016,INTA Centro Sur,INTA Rojo,INTA Ferroso,2016,A,C,Better,Worse,Better,696,15.53,,,
786,Apante-2016,INTA Ferroso,INTA Matagalpa,INTA Precoz,2016,B,C,Better,Better,Better,388,15.57666667,,,
787,Apante-2016,ALS 0532-6,INTA Ferroso,BRT 103-182,2016,A,C,Better,Better,Worse,696,15.53,,,
788,Apante-2016,INTA Rojo,SJC 730-79,ALS 0532-6,2016,B,A,Better,Better,Worse,505,15.74333333,,,
789,Apante-2016,INTA Centro Sur,INTA Precoz,PM2 Don Rey,2016,B,C,Better,Better,Better,505,15.74333333,,,
790,Apante-2015,ALS 0532-6,INTA Centro Sur,INTA Matagalpa,2015,B,A,Worse,Better,Worse,482,15.74333333,,,
791,Apante-2015,ALS 0532-6,INTA Rojo,INTA Ferroso,2015,B,A,Worse,Better,Worse,433,15.57666667,,,
792,Apante-2016,INTA Precoz,INTA Fuerte Sequia,INTA Centro Sur,2016,C,A,Worse,Worse,Better,1036,14.26333333,,,
793,Apante-2016,INTA Fuerte Sequia,PM2 Don Rey,INTA Matagalpa,2016,A,C,Better,Worse,Worse,1036,14.26333333,,,
794,Apante-2015,BRT 103-182,INTA Rojo,INTA Fuerte Sequia,2015,B,A,Worse,Better,Worse,512,15.78333333,,,
795,Apante-2015,INTA Fuerte Sequia,INTA Precoz,INTA Rojo,2015,A,B,Worse,Worse,Worse,494,15.47,,,
796,Apante-2016,INTA Rojo,ALS 0532-6,INTA Ferroso,2016,B,C,Better,Better,Better,505,15.74333333,,,
797,Apante-2015,INTA Centro Sur,SJC 730-79,INTA Ferroso,2015,A,C,Better,Worse,Worse,560,16.27666667,,,
798,Apante-2015,SJC 730-79,INTA Rojo,INTA Centro Sur,2016,C,B,Worse,Worse,Worse,597,16.19666667,,,
799,Apante-2015,PM2 Don Rey,INTA Matagalpa,INTA Fuerte Sequia,2015,C,A,Worse,Better,Better,454,15.36333333,,,
800,Apante-2015,INTA Matagalpa,INTA Centro Sur,INTA Ferroso,2015,C,A,Worse,Worse,Better,445,15.49666667,,,
801,Apante-2015,INTA Precoz,SJC 730-79,INTA Ferroso,2015,A,C,Better,Worse,Worse,753,16.09666667,,,
802,Apante-2015,INTA Rojo,INTA Matagalpa,INTA Fuerte Sequia,2015,C,A,Worse,Worse,Worse,454,15.36333333,,,
803,Apante-2016,INTA Rojo,INTA Centro Sur,INTA Precoz,2016,A,C,Better,Worse,Worse,737,14.90333333,,,
804,Apante-2016,SJC 730-79,ALS 0532-6,BRT 103-182,2016,A,C,Better,Worse,Worse,1036,14.26333333,,,
805,Apante-2015,INTA Centro Sur,INTA Rojo,PM2 Don Rey,2015,C,B,Better,Better,Better,454,15.36333333,,,
806,Apante-2015,INTA Fuerte Sequia,PM2 Don Rey,INTA Ferroso,2015,A,C,Better,Worse,Worse,720,15.86333333,,,
807,Apante-2015,BRT 103-182,ALS 0532-6,INTA Precoz,2015,C,A,Better,Better,Better,454,15.36333333,,,
808,Apante-2015,BRT 103-182,SJC 730-79,PM2 Don Rey,2016,A,B,Better,Worse,Worse,513,15.82333333,,,
809,Apante-2015,INTA Ferroso,INTA Rojo,INTA Fuerte Sequia,2015,A,B,Worse,Worse,Better,454,15.36333333,,,
810,Apante-2015,INTA Ferroso,INTA Fuerte Sequia,SJC 730-79,2015,A,C,Better,Worse,Worse,547,15.81,,,
811,Apante-2015,INTA Fuerte Sequia,BRT 103-182,INTA Matagalpa,2015,B,A,Worse,Better,Worse,580,15.39666667,,,
812,Apante-2015,INTA Rojo,INTA Fuerte Sequia,INTA Ferroso,2015,A,C,Better,Worse,Worse,580,15.39666667,,,
813,Apante-2015,ALS 0532-6,SJC 730-79,INTA Fuerte Sequia,2015,C,A,Worse,Worse,Better,505,15.74333333,,,
814,Apante-2016,INTA Centro Sur,INTA Precoz,BRT 103-182,2016,A,C,Better,Worse,Worse,1036,14.26333333,,,
815,Apante-2015,SJC 730-79,ALS 0532-6,INTA Centro Sur,2015,B,C,Worse,Better,Worse,499,16.39,,,
816,Apante-2015,INTA Precoz,INTA Matagalpa,INTA Rojo,2015,B,C,Worse,Better,Worse,573,15.55,,,
817,Apante-2015,SJC 730-79,ALS 0532-6,INTA Matagalpa,2015,C,B,Better,Better,Better,454,15.36333333,,,
818,Apante-2015,INTA Ferroso,PM2 Don Rey,ALS 0532-6,2015,B,C,Worse,Better,Worse,433,15.57666667,,,
819,Apante-2015,INTA Centro Sur,INTA Ferroso,INTA Fuerte Sequia,2015,C,A,Worse,Worse,Better,606,15.55666667,,,
820,Apante-2016,INTA Precoz,INTA Matagalpa,INTA Fuerte Sequia,2016,B,A,Worse,Better,Worse,1036,14.26333333,,,
821,Apante-2016,BRT 103-182,PM2 Don Rey,INTA Fuerte Sequia,2016,C,A,Worse,Worse,Better,1036,14.26333333,,,
822,Apante-2016,BRT 103-182,INTA Centro Sur,INTA Ferroso,2016,A,C,Better,Worse,Worse,1036,14.26333333,,,
823,Apante-2015,INTA Ferroso,INTA Precoz,INTA Matagalpa,2015,A,B,Better,Worse,Worse,458,15.49666667,,,
824,Apante-2015,INTA Rojo,SJC 730-79,INTA Precoz,2015,B,A,Worse,Better,Worse,507,16.19666667,,,
825,Apante-2015,ALS 0532-6,PM2 Don Rey,BRT 103-182,2015,C,A,Worse,Worse,Better,517,15.87,,,
826,Apante-2015,INTA Fuerte Sequia,PM2 Don Rey,INTA Matagalpa,2015,A,C,Better,Worse,Worse,555,15.33,,,
827,Apante-2015,INTA Matagalpa,INTA Ferroso,INTA Precoz,2015,B,A,Worse,Better,Worse,637,15.63666667,,,
828,Apante-2016,PM2 Don Rey,SJC 730-79,INTA Ferroso,2016,B,A,Worse,Better,Worse,1036,14.26333333,,,
829,Apante-2015,INTA Fuerte Sequia,INTA Ferroso,PM2 Don Rey,2016,A,B,Better,Worse,Worse,489,15.94333333,,,
830,Apante-2015,INTA Rojo,INTA Matagalpa,BRT 103-182,2016,B,C,Worse,Better,Worse,541,15.37666667,,,
831,Apante-2015,SJC 730-79,INTA Matagalpa,INTA Precoz,2016,C,B,Worse,Worse,Better,568,15.57,,,
832,Apante-2015,BRT 103-182,INTA Fuerte Sequia,INTA Rojo,2015,C,A,Worse,Worse,Better,796,15.89666667,,,
833,Apante-2015,INTA Ferroso,ALS 0532-6,PM2 Don Rey,2015,A,C,Better,Worse,Worse,513,15.82333333,,,
834,Apante-2015,INTA Ferroso,ALS 0532-6,INTA Centro Sur,2015,B,C,Worse,Better,Worse,668,16.26333333,,,
835,Apante-2015,INTA Matagalpa,INTA Fuerte Sequia,BRT 103-182,2015,C,A,Worse,Worse,Better,458,15.48333333,,,
836,Apante-2015,PM2 Don Rey,INTA Precoz,INTA Rojo,2015,B,C,Worse,Better,Worse,656,15.93666667,,,
837,Apante-2015,BRT 103-182,INTA Rojo,INTA Precoz,2016,B,C,Better,Better,Worse,433,15.57666667,,,
838,Apante-2015,INTA Fuerte Sequia,INTA Matagalpa,ALS 0532-6,2016,C,A,Worse,Worse,Better,647,15.45,,,
839,Apante-2015,INTA Precoz,INTA Centro Sur,PM2 Don Rey,2015,B,C,Worse,Better,Worse,482,15.74333333,,,
840,Apante-2015,PM2 Don Rey,INTA Matagalpa,INTA Fuerte Sequia,2015,C,A,Worse,Worse,Better,445,15.49666667,,,
841,Apante-2015,ALS 0532-6,INTA Ferroso,INTA Fuerte Sequia,2015,B,A,Worse,Better,Worse,613,15.81666667,,,
842,Apante-2015,ALS 0532-6,INTA Matagalpa,BRT 103-182,2015,A,C,Better,Better,Better,482,15.74333333,,,
843,Apante-2016,BRT 103-182,SJC 730-79,ALS 0532-6,2016,C,A,Worse,Worse,Better,1036,14.26333333,,,
844,Apante-2015,INTA Centro Sur,INTA Rojo,INTA Fuerte Sequia,2015,A,B,Better,Worse,Worse,472,15.50333333,,,
845,Apante-2015,BRT 103-182,INTA Precoz,INTA Ferroso,2015,C,A,Worse,Better,Better,592,15.69,,,
846,Apante-2015,INTA Fuerte Sequia,INTA Ferroso,INTA Centro Sur,2015,C,A,Worse,Worse,Worse,454,15.36333333,,,
847,Apante-2016,PM2 Don Rey,SJC 730-79,INTA Centro Sur,2016,C,B,Worse,Worse,Better,1036,14.26333333,,,
848,Apante-2015,INTA Centro Sur,SJC 730-79,PM2 Don Rey,2016,C,A,Better,Worse,Worse,489,16.11666667,,,
849,Apante-2015,PM2 Don Rey,INTA Matagalpa,SJC 730-79,2015,B,C,Worse,Better,Worse,433,15.57666667,,,
850,Apante-2015,INTA Precoz,INTA Centro Sur,BRT 103-182,2015,C,A,Worse,Worse,Better,733,15.86333333,,,
851,Apante-2015,PM2 Don Rey,INTA Ferroso,INTA Fuerte Sequia,2015,B,A,Worse,Worse,Worse,454,15.36333333,,,
852,Apante-2016,INTA Rojo,INTA Fuerte Sequia,PM2 Don Rey,2016,B,A,Worse,Better,Worse,1036,14.26333333,,,
853,Apante-2016,INTA Ferroso,INTA Fuerte Sequia,BRT 103-182,2016,A,C,Better,Better,Better,505,15.74333333,,,
854,Apante-2015,BRT 103-182,PM2 Don Rey,ALS 0532-6,2015,A,C,Better,Worse,Worse,445,15.49666667,,,
855,Apante-2015,INTA Rojo,INTA Centro Sur,INTA Precoz,2015,B,C,Worse,Better,Worse,372,18.31,,,
856,Apante-2015,INTA Centro Sur,INTA Ferroso,INTA Rojo,2015,A,C,Better,Worse,Worse,257,18.61,,,
857,Postrera-2016,INTA Matagalpa,INTA Centro Sur,INTA Precoz,2016,B,A,Worse,Better,Worse,414,16.99666667,,,
858,Apante-2015,INTA Fuerte Sequia,INTA Centro Sur,INTA Rojo,2016,B,A,Worse,Better,Worse,573,18.23666667,,,
859,Postrera-2015,INTA Precoz,PM2 Don Rey,ALS 0532-6,2015,B,A,Worse,Better,Better,289,17.13666667,,,
860,Apante-2015,PM2 Don Rey,SJC 730-79,INTA Precoz,2016,A,C,Better,Worse,Worse,563,18.27,,,
861,Postrera-2016,INTA Ferroso,PM2 Don Rey,INTA Centro Sur,2016,C,A,Worse,Worse,Better,366,17.02333333,,,
862,Postrera-2016,INTA Precoz,INTA Ferroso,INTA Rojo,2016,A,C,Better,Better,Better,285,16.91,,,
863,Postrera-2015,ALS 0532-6,INTA Matagalpa,SJC 730-79,2015,A,C,Better,Worse,Better,259,17.35,,,
864,Apante-2015,ALS 0532-6,PM2 Don Rey,SJC 730-79,2015,C,A,Worse,Worse,Better,304,18.73,,,
865,Apante-2015,BRT 103-182,PM2 Don Rey,INTA Matagalpa,2015,B,C,Worse,Better,Worse,239,18.77,,,
866,Apante-2015,INTA Precoz,ALS 0532-6,INTA Rojo,2015,A,B,Better,Worse,Worse,257,18.61,,,
867,Apante-2015,INTA Fuerte Sequia,INTA Matagalpa,INTA Rojo,2015,A,B,Better,Worse,Worse,269,16.99,,,
868,Apante-2015,INTA Ferroso,BRT 103-182,INTA Centro Sur,2015,B,A,Worse,Better,Worse,250,18.58333333,,,
869,Apante-2016,PM2 Don Rey,INTA Rojo,INTA Centro Sur,2016,A,C,Better,-9999,-9999,254,17.35,,,
870,Apante-2015,INTA Matagalpa,INTA Rojo,INTA Centro Sur,2015,C,A,Worse,Worse,Better,223,18.47,,,
871,Postrera-2016,SJC 730-79,ALS 0532-6,INTA Fuerte Sequia,2016,B,A,Worse,Better,Worse,414,16.99666667,,,
872,Apante-2015,INTA Rojo,INTA Ferroso,INTA Centro Sur,2016,B,C,Worse,Better,Worse,187,18.26333333,,,
873,Postrera-2015,INTA Matagalpa,INTA Rojo,INTA Fuerte Sequia,2015,C,A,Worse,Worse,Better,244,17.41666667,,,
874,Apante-2015,SJC 730-79,PM2 Don Rey,INTA Matagalpa,2015,B,C,Worse,Better,Worse,399,18.67,,,
875,Postrera-2015,SJC 730-79,INTA Precoz,INTA Ferroso,2015,B,A,Worse,Better,Worse,302,17.53,,,
876,Apante-2015,INTA Precoz,INTA Centro Sur,ALS 0532-6,2015,B,A,Worse,Better,Worse,203,18.59666667,,,
877,Postrera-2015,INTA Precoz,BRT 103-182,SJC 730-79,2015,A,C,Better,Worse,Better,259,17.35,,,
878,Apante-2016,SJC 730-79,ALS 0532-6,INTA Centro Sur,2016,A,C,Better,-9999,-9999,254,17.35,,,
879,Apante-2015,INTA Ferroso,INTA Matagalpa,BRT 103-182,2015,C,A,Worse,Worse,Better,426,18.59666667,,,
880,Postrera-2016,INTA Ferroso,ALS 0532-6,INTA Centro Sur,2016,B,C,Worse,Better,Worse,302,17.53,,,
881,Apante-2015,BRT 103-182,INTA Matagalpa,SJC 730-79,2015,B,C,Worse,Better,Worse,294,18.68333333,,,
882,Postrera-2015,INTA Precoz,BRT 103-182,INTA Fuerte Sequia,2015,A,C,Better,Worse,Better,254,17.39666667,,,
883,Postrera-2016,INTA Fuerte Sequia,INTA Centro Sur,INTA Ferroso,2016,B,C,Worse,Better,Worse,366,17.02333333,,,
884,Apante-2015,SJC 730-79,INTA Fuerte Sequia,INTA Rojo,2015,B,C,Worse,Better,Better,354,17.17,,,
885,Postrera-2015,INTA Precoz,INTA Fuerte Sequia,ALS 0532-6,2015,B,C,Worse,Better,Worse,264,17.30333333,,,
886,Apante-2015,PM2 Don Rey,SJC 730-79,INTA Matagalpa,2015,B,C,Worse,Better,Worse,292,17.55,,,
887,Apante-2015,SJC 730-79,INTA Rojo,INTA Fuerte Sequia,2016,B,A,Worse,Better,Worse,396,18.42333333,,,
888,Postrera-2015,INTA Matagalpa,INTA Fuerte Sequia,ALS 0532-6,2015,A,C,Better,Worse,Worse,252,16.95666667,,,
